lat,lon,color
25.141,-80.926,green
25.19935,-80.87379,red
25.39544,-80.59502,green
25.4817,-80.5158,green
25.51665,-80.43689,orange
25.54494,-80.47805,green
25.73951,-80.48021,orange
25.76119,-80.58182,blue
25.782,-81.07385,blue
25.84875,-81.3142,green
25.86895,-81.1498,red
25.889,-81.3215,green
25.8972,-81.3065,red
25.901,-81.303,orange
25.91695,-81.29691,red
25.927,-81.33,red
25.953,-81.356,green
25.95574,-81.48598,red
26.0079,-81.22285,blue
26.01535,-81.0651,green
26.03808,-81.64948,green
26.05091,-80.29457,red
26.0645,-81.3615,orange
26.06885,-80.8368,blue
26.08285,-80.21025,red
26.09729,-81.71505,red
26.15915,-81.76041,blue
26.1699,-80.98849,orange
26.18326,-81.24751,green
26.1875,-81.69245,red
26.27395,-80.1937,blue
26.283,-81.2521,red
26.28516,-80.27977,red
26.28585,-80.17845,orange
26.529,-81.6455,red
26.5931,-80.21295,red
26.59885,-81.8708,red
26.61979,-80.60976,blue
26.6685,-81.8768,green
26.67822,-81.81697,orange
26.6878,-81.6143,green
26.7621,-81.8539,red
26.80829,-80.16933,red
26.83656,-80.18501,red
26.85451,-81.71583,green
26.91319,-80.48412,orange
26.91675,-81.96517,blue
26.9745,-82.1475,blue
26.9807,-80.31353,orange
27.00061,-82.39019,green
27.0047,-82.0332,red
27.0099,-80.13215,red
27.01091,-80.10344,red
27.07842,-81.99105,orange
27.099,-82.454,red
27.10589,-82.30699,blue
27.1788,-82.20475,red
27.19995,-81.98468,orange
27.28518,-82.46557,red
27.34928,-81.03941,red
27.35273,-82.22301,red
27.35644,-80.96515,red
27.37341,-81.35876,blue
27.3973,-80.8044,blue
27.40743,-82.12901,red
27.445,-82.391,orange
27.45883,-80.79379,blue
27.66726,-82.43094,green
27.7068,-82.45165,red
27.7752,-81.9755,blue
27.78042,-80.55011,blue
27.84434,-81.30249,blue
27.8565,-81.8995,green
27.89469,-81.9742,orange
27.9013,-81.58581,blue
27.928,-82.124,green
27.93531,-81.87347,green
27.93991,-81.67247,red
27.9664,-81.95285,orange
27.97255,-81.12476,blue
27.99245,-81.19445,blue
28.00845,-81.93871,orange
28.021,-81.8642,red
28.043,-82.438,orange
28.05144,-81.51359,green
28.09538,-82.74918,orange
28.11468,-81.35342,blue
28.12479,-82.23728,orange
28.12565,-81.02086,blue
28.13136,-81.00677,red
28.1382,-81.0621,green
28.14162,-82.3948,orange
28.14617,-82.24487,blue
28.19899,-82.76431,blue
28.20249,-81.45163,orange
28.20954,-80.83882,orange
28.252,-82.44749,red
28.29324,-82.35606,blue
28.29425,-82.71758,orange
28.31193,-80.7217,red
28.3609,-80.93504,green
28.36168,-82.11937,blue
28.3725,-80.8595,orange
28.3836,-82.6053,red
28.40593,-81.5547,red
28.41655,-82.1426,red
28.42146,-81.23721,blue
28.44926,-81.95577,orange
28.44926,-81.95577,green
28.45247,-81.01299,green
28.45786,-82.04508,orange
28.48106,-81.11927,green
28.48899,-80.84716,red
28.50566,-81.97483,red
28.50665,-82.50591,orange
28.525,-81.95499,red
28.54028,-82.11083,orange
28.54205,-81.20045,blue
28.54293,-80.94411,orange
28.5465,-81.5545,orange
28.55359,-82.63696,blue
28.555,-82.055,red
28.56308,-81.03185,orange
28.5716,-82.52655,blue
28.62323,-81.12898,red
28.63434,-81.14076,red
28.662,-81.31985,orange
28.6901,-81.5446,green
28.69205,-81.7089,orange
28.725,-97.06667,red
28.76465,-82.42065,red
28.775,-81.6965,blue
28.78028,-81.90477,red
28.78812,-82.40295,orange
28.8,-96.04472,green
28.80455,-81.45354,green
28.84542,-82.20726,orange
28.85025,-80.93919,green
28.8555,-81.306,red
28.85982,-81.48534,green
28.86151,-81.7757,green
28.90854,-82.34611,green
28.91605,-81.32394,green
28.917,-81.898,blue
28.93312,-80.84301,red
28.94296,-81.97549,blue
28.96416,-81.21989,blue
28.966,-81.649,green
28.97672,-81.23386,red
28.97944,-96.01666,red
28.98195,-80.86715,red
28.98491,-81.43248,red
28.9935,-80.933,orange
28.99487,-81.78879,red
28.99496,-81.59869,orange
29.0,-95.5,blue
29.00086,-81.64167,orange
29.01175,-82.03495,blue
29.02611,-96.71,orange
29.04865,-81.4692,blue
29.05872,-81.4819,blue
29.0599,-82.05835,orange
29.0765,-81.8945,green
29.07655,-81.9055,orange
29.07718,-82.74918,blue
29.08405,-81.59005,orange
29.098,-82.42,blue
29.1039,-82.3722,orange
29.10635,-81.62275,red
29.10855,-82.75685,red
29.12915,-81.63025,red
29.1299,-82.58765,orange
29.16722,-82.01917,blue
29.17805,-96.29222,red
29.1795,-82.0435,orange
29.191,-82.6505,orange
29.19395,-81.9233,red
29.1951,-81.90875,blue
29.22079,-81.80539,blue
29.23723,-83.00198,orange
29.24665,-100.4104,red
29.26258,-98.56143,blue
29.27043,-81.69337,red
29.28942,-82.92592,blue
29.28971,-81.52609,orange
29.29063,-81.08198,green
29.30877,-97.47971,green
29.3143,-81.7268,red
29.32605,-82.61581,blue
29.32862,-97.77225,green
29.33246,-81.12292,green
29.3396,-81.0834,green
29.36953,-81.86789,green
29.38333,-96.25,red
29.385,-97.81083,red
29.39384,-82.44225,red
29.4076,-81.12167,orange
29.4179,-82.55556,red
29.41889,-81.13924,blue
29.42016,-82.82335,green
29.43465,-81.80878,green
29.4694,-82.71979,orange
29.47035,-81.1273,red
29.47368,-82.6783,orange
29.47529,-81.78307,orange
29.49577,-81.74579,green
29.52533,-98.15854,blue
29.5385,-90.593,green
29.56835,-98.68465,green
29.56871,-82.05391,orange
29.57444,-98.03083,red
29.58358,-82.33316,red
29.591,-82.929,orange
29.6699,-82.98365,blue
29.67757,-82.35501,orange
29.7351,-81.96195,red
29.74815,-82.44075,orange
29.77291,-81.8592,red
29.77295,-81.68295,red
29.77535,-82.3657,orange
29.7788,-81.45421,red
29.79893,-98.15556,orange
29.83863,-81.2299,red
29.8398,-85.0681,blue
29.85375,-81.3456,orange
29.88528,-94.83334,red
29.93629,-85.3948,green
29.94011,-81.91354,blue
29.94974,-82.15501,green
29.95301,-82.0125,blue
29.96828,-81.4048,blue
29.97454,-81.55172,red
29.97917,-81.85223,red
29.98085,-81.80005,green
30.01667,-94.85,blue
30.03042,-81.90182,orange
30.0326,-83.52959,red
30.03432,-81.90216,red
30.0461,-81.9347,orange
30.05287,-81.82794,orange
30.05705,-81.75165,orange
30.069,-81.771,green
30.07067,-82.38086,blue
30.0771,-81.39806,blue
30.0809,-81.7624,orange
30.08333,-94.86667,orange
30.08341,-85.11039,blue
30.08748,-81.85762,blue
30.10139,-81.88324,red
30.10305,-94.82,green
30.10386,-81.89565,red
30.10534,-81.89438,green
30.10851,-81.89905,blue
30.11584,-81.94118,red
30.11597,-83.89289,blue
30.12615,-93.8117,red
30.13156,-82.96643,red
30.14378,-95.47556,orange
30.1766,-85.8055,red
30.1878,-90.8493,orange
30.19144,-94.32404,green
30.2333,-81.52915,red
30.23333,-95.60834,red
30.23693,-81.54172,orange
30.2386,-84.7025,blue
30.2464,-89.6111,red
30.25389,-81.8992,red
30.2576,-92.6221,orange
30.2637,-81.49433,green
30.26667,-94.85,blue
30.26682,-82.87125,red
30.26861,-94.79333,green
30.2809,-81.83705,orange
30.28881,-85.64108,orange
30.302,-95.10654,green
30.3115,-95.3175,red
30.3125,-82.879,orange
30.31363,-95.17966,orange
30.31667,-95.32,green
30.31709,-82.8436,blue
30.31786,-87.64934,orange
30.32305,-85.4427,orange
30.33333,-96.55,red
30.3343,-95.28653,red
30.33778,-93.97194,red
30.36186,-81.41444,red
30.37369,-83.1736,blue
30.38345,-88.72985,orange
30.38667,-98.08611,red
30.40335,-97.2836,green
30.405,-95.36166,orange
30.40785,-83.96767,red
30.40833,-95.00833,blue
30.41667,-93.94,blue
30.41667,-94.86667,green
30.43412,-82.28943,green
30.43444,-93.89,green
30.43703,-95.12381,red
30.4544,-81.4189,green
30.46,-95.13,red
30.4664,-85.6316,red
30.46805,-85.4937,orange
30.46825,-89.6918,orange
30.475,-95.09167,red
30.47612,-88.34223,red
30.4836,-84.20835,blue
30.49905,-91.01565,red
30.509,-90.6763,blue
30.51295,-86.5065,orange
30.51559,-97.67403,red
30.52361,-95.58334,red
30.525,-96.59167,orange
30.52694,-95.71278,orange
30.52897,-95.72607,blue
30.54079,-84.91096,blue
30.54366,-95.77908,red
30.55,-95.12305,orange
30.55044,-83.48494,blue
30.55738,-96.42506,red
30.566,-100.545,red
30.56775,-86.6913,red
30.587,-84.583,orange
30.5931,-83.41369,blue
30.59612,-83.649,orange
30.6,-95.63,blue
30.6098,-86.4945,blue
30.61667,-95.52722,red
30.62555,-86.54302,green
30.63333,-95.3,blue
30.6645,-84.60745,blue
30.66986,-94.66653,green
30.67,-83.412,blue
30.68441,-86.55637,blue
30.6966,-86.7513,blue
30.71004,-82.0443,blue
30.7113,-87.91833,red
30.71139,-94.58,green
30.71139,-94.70139,green
30.7114,-94.04529,orange
30.71362,-85.20786,red
30.71482,-86.63961,red
30.72028,-93.61667,green
30.73861,-94.89778,orange
30.74715,-91.76733,green
30.75,-86.65,orange
30.75,-95.37666,blue
30.7599,-85.76891,blue
30.76667,-93.68333,orange
30.775,-94.41528,orange
30.77532,-97.93719,red
30.77722,-103.7439,orange
30.79,-85.685,green
30.79456,-84.78122,green
30.8,-93.7,orange
30.812,-95.75645,orange
30.83105,-82.6386,orange
30.83315,-93.972,blue
30.8346,-92.64896,orange
30.84015,-86.9648,blue
30.85052,-89.81163,red
30.8724,-85.217,orange
30.90529,-86.68372,orange
30.95972,-95.58334,blue
30.96745,-91.0955,blue
30.9725,-87.265,orange
30.97675,-89.0338,orange
30.9854,-85.95136,orange
30.98555,-85.6489,red
30.9905,-87.1814,green
30.993,-85.97701,green
31.00002,-86.99782,blue
31.00009,-87.00008,orange
31.0232,-94.47903,orange
31.05591,-94.20776,green
31.0614,-83.07575,red
31.06278,-102.3881,red
31.08012,-83.16414,red
31.08774,-91.84467,orange
31.08925,-81.41267,red
31.11611,-98.055,red
31.13586,-87.06486,orange
31.1375,-92.4976,red
31.14195,-93.2952,red
31.1458,-93.2512,red
31.16,-87.09069,blue
31.1603,-90.71574,blue
31.1659,-94.1679,orange
31.1683,-95.59745,orange
31.17384,-83.26071,red
31.18523,-95.89323,red
31.18562,-83.66153,red
31.20325,-87.5047,orange
31.2137,-82.77173,red
31.22333,-94.96611,orange
31.23374,-85.21574,red
31.2371,-94.45095,red
31.24305,-88.31126,green
31.2439,-82.1341,orange
31.24842,-83.13654,orange
31.25385,-88.26291,blue
31.27278,-102.6922,blue
31.29,-86.255,green
31.30062,-84.02254,red
31.30503,-85.61766,green
31.3058,-92.4054,red
31.30853,-94.76362,orange
31.30952,-82.74675,orange
31.33333,-94.33334,orange
31.34781,-86.54527,orange
31.35,-85.7075,green
31.35289,-83.08486,orange
31.35833,-95.48833,orange
31.368,-92.422,blue
31.37756,-97.59946,blue
31.3799,-92.37835,orange
31.3904,-92.3495,red
31.39275,-91.08505,blue
31.40304,-92.46844,orange
31.40444,-95.70861,orange
31.41787,-92.28034,blue
31.43265,-84.1293,red
31.44815,-100.4219,red
31.4515,-88.08305,blue
31.45417,-100.4161,orange
31.46641,-81.64665,blue
31.4676,-92.2508,red
31.4771,-98.53998,orange
31.4871,-92.3309,blue
31.50773,-95.20691,red
31.53475,-85.7944,blue
31.55668,-95.38226,orange
31.55762,-81.47213,orange
31.56,-93.87194,red
31.58255,-87.96095,blue
31.5831,-93.50845,blue
31.60641,-93.4991,red
31.6212,-95.6669,red
31.62608,-84.16016,red
31.63,-110.177,blue
31.6498,-93.0887,green
31.651,-85.19265,red
31.6825,-92.3104,green
31.6825,-92.3104,orange
31.71434,-84.60457,orange
31.78333,-95.68333,orange
31.809,-87.56807,orange
31.82345,-81.73075,orange
31.82347,-95.37101,green
31.84167,-100.5167,orange
31.85,-85.925,green
31.85605,-83.57655,red
31.86794,-94.95061,orange
31.86801,-85.35995,blue
31.87333,-96.2,blue
31.87791,-94.89986,orange
31.8792,-81.88475,orange
31.90791,-95.01264,green
31.91708,-94.63458,blue
31.93425,-96.12524,red
31.9621,-81.88995,blue
31.98125,-80.89485,blue
31.9853,-81.61756,red
31.99,-87.29,blue
31.99003,-110.1835,red
32.01083,-94.14306,green
32.0131,-91.14448,red
32.01667,-94.68333,orange
32.0199,-92.914,blue
32.0321,-84.43484,orange
32.036,-88.77015,orange
32.036,-88.77015,orange
32.0391,-81.436,orange
32.04361,-94.37444,blue
32.04417,-98.09234,orange
32.0538,-85.0409,red
32.05806,-94.2,green
32.09515,-88.68893,orange
32.1,-94.20695,orange
32.13781,-81.34159,green
32.13972,-95.32,orange
32.15,-97.5,red
32.15,-97.52499,orange
32.16139,-95.6,green
32.17194,-97.54944,red
32.1806,-88.864,red
32.18333,-95.21667,red
32.184,-86.581,green
32.19202,-95.35257,green
32.24083,-101.3903,red
32.24271,-95.12872,red
32.2462,-84.08932,red
32.26889,-96.69583,orange
32.2714,-88.7496,red
32.27444,-94.965,red
32.28944,-94.86833,orange
32.29968,-80.95958,green
32.30673,-87.24547,red
32.30676,-83.16122,red
32.31255,-88.65135,red
32.31435,-85.16235,orange
32.31565,-95.48672,orange
32.33528,-94.7375,blue
32.3372,-88.74805,green
32.34705,-82.2464,blue
32.35306,-94.90528,orange
32.36,-96.66,red
32.375,-96.63,green
32.375,-98.68,orange
32.38575,-82.24886,green
32.39858,-82.30919,orange
32.40191,-90.19371,orange
32.4125,-94.81806,orange
32.4197,-93.4386,orange
32.42445,-109.5601,red
32.43,-85.705,blue
32.4456,-86.5653,orange
32.45763,-93.36627,red
32.475,-97.815,orange
32.48322,-86.37698,orange
32.51556,-95.41817,blue
32.51667,-94.9,blue
32.5175,-96.80417,orange
32.53333,-98.05,red
32.57306,-95.80556,orange
32.5754,-81.78378,blue
32.58125,-94.86958,orange
32.58333,-94.15,blue
32.6218,-85.4258,blue
32.62194,-94.2,blue
32.62389,-94.52,blue
32.64,-97.84,red
32.65,-94.37361,blue
32.65,-110.175,red
32.66908,-98.03284,orange
32.675,-97.025,green
32.675,-97.61,red
32.675,-97.61,red
32.67715,-85.21545,blue
32.68,-94.3,green
32.6825,-85.2222,green
32.68945,-94.59222,orange
32.69028,-95.61056,blue
32.7,-98.03333,orange
32.70631,-109.9134,green
32.7071,-109.9643,orange
32.70722,-109.9648,red
32.71528,-117.1564,blue
32.74985,-82.24796,orange
32.75,-97.75,blue
32.755,-98.0,orange
32.76967,-86.4891,green
32.7817,-93.9467,orange
32.78611,-97.83334,blue
32.79338,-94.69412,orange
32.7943,-95.5425,blue
32.8,-94.16666,orange
32.8057,-92.40895,orange
32.80865,-84.25755,red
32.81075,-116.4208,red
32.815,-109.675,blue
32.817,-98.34489,blue
32.825,-80.559,red
32.8269,-98.3298,red
32.83333,-98.38333,red
32.84,-97.445,blue
32.85,-98.375,red
32.85232,-95.46671,green
32.86288,-83.55708,red
32.895,-93.45,orange
32.9,-94.6,red
32.9032,-80.65645,blue
32.91874,-85.9793,red
32.94722,-96.10222,blue
32.95,-112.73,red
32.96854,-85.02602,orange
32.98597,-81.61264,red
33.00014,-86.00004,orange
33.007,-80.156,red
33.01,-94.44,orange
33.03333,-94.72334,red
33.03662,-116.5645,orange
33.04,-97.18,orange
33.04536,-80.45451,green
33.05685,-94.52925,orange
33.07639,-94.25694,red
33.09184,-83.69681,blue
33.0932,-79.8102,green
33.096,-80.316,blue
33.09625,-94.32139,orange
33.1,-86.86,red
33.1075,-92.33472,orange
33.10925,-89.59135,red
33.12572,-85.49103,orange
33.13,-88.14999,red
33.13195,-88.17885,orange
33.132,-79.884,orange
33.13333,-98.35,orange
33.14663,-92.61493,orange
33.14759,-93.89135,orange
33.15405,-105.7947,red
33.16972,-99.18778,orange
33.17162,-94.14799,orange
33.18528,-94.25556,red
33.18639,-93.9475,blue
33.19944,-96.00306,red
33.2,-96.17,red
33.2,-98.4,red
33.20837,-87.28992,green
33.211,-94.0765,blue
33.21145,-87.35664,red
33.24084,-85.7894,red
33.245,-81.359,red
33.24722,-95.77,red
33.25,-95.84,orange
33.25,-97.05,blue
33.2516,-105.7197,green
33.26035,-87.31821,red
33.26222,-95.82056,orange
33.26462,-92.64066,green
33.26666,-93.886,blue
33.2675,-116.8625,red
33.26855,-91.22115,red
33.26885,-85.12705,red
33.2706,-84.73555,orange
33.27094,-105.7338,blue
33.27303,-97.03784,green
33.275,-98.325,red
33.27735,-105.7395,red
33.2784,-94.12258,orange
33.28333,-94.35722,orange
33.28375,-87.32655,red
33.29083,-97.8375,green
33.31194,-93.8417,blue
33.32237,-116.8782,red
33.32442,-84.2532,red
33.33,-95.54278,green
33.33171,-93.98622,red
33.33614,-97.02299,red
33.34139,-95.24917,red
33.34677,-83.90588,orange
33.35,-85.625,red
33.36305,-86.17122,orange
33.3646,-82.24471,blue
33.3674,-86.64066,blue
33.36867,-95.23958,orange
33.37095,-87.6942,green
33.37111,-84.508,orange
33.375,-98.3,red
33.3785,-112.6432,green
33.37917,-94.11611,orange
33.387,-94.036,red
33.40425,-91.48295,blue
33.4119,-82.13665,red
33.41574,-88.12475,red
33.445,-96.05,red
33.45278,-101.5361,blue
33.46333,-95.8775,blue
33.46345,-85.87055,blue
33.46372,-83.61285,red
33.48,-95.76861,blue
33.48028,-97.04361,red
33.48295,-84.7681,orange
33.48665,-85.8175,red
33.49565,-84.5317,red
33.50025,-88.40335,orange
33.5155,-78.3829,green
33.5388,-84.869,red
33.55153,-86.98473,green
33.56555,-90.8022,blue
33.59,-86.5,red
33.59,-96.27306,orange
33.61666,-95.90694,orange
33.6205,-86.4664,orange
33.62167,-100.8361,orange
33.6247,-109.3191,red
33.6332,-86.2952,blue
33.64341,-85.41961,red
33.64555,-95.16028,green
33.66554,-93.56799,red
33.66666,-95.27361,red
33.66675,-116.7,orange
33.67056,-95.06667,orange
33.675,-98.225,red
33.69,-96.84806,red
33.70037,-84.53352,orange
33.7065,-85.57415,orange
33.71472,-96.78917,green
33.72,-78.9211,green
33.75556,-96.53,orange
33.7655,-116.7078,red
33.76986,-94.3643,red
33.77528,-97.05903,orange
33.79094,-95.92831,red
33.796,-84.79601,red
33.7985,-91.27056,green
33.80785,-84.78979,red
33.81029,-84.97515,blue
33.81283,-84.80283,red
33.8132,-86.7891,orange
33.81435,-96.76199,red
33.81461,-85.15337,blue
33.81678,-116.6329,green
33.81861,-96.96333,orange
33.81871,-85.10207,blue
33.82083,-95.83639,orange
33.82111,-92.03389,red
33.82162,-85.48985,orange
33.82444,-97.07361,red
33.825,-96.6075,red
33.825,-110.925,orange
33.82722,-95.62861,blue
33.82819,-106.9285,blue
33.845,-95.19722,orange
33.85,-111.69,red
33.88861,-93.20389,green
33.89236,-87.3775,red
33.89444,-96.75361,red
33.8957,-87.53395,green
33.8957,-87.53395,green
33.89761,-82.4975,orange
33.89833,-86.84557,red
33.9,-109.355,red
33.91604,-85.01929,blue
33.94073,-94.09966,blue
33.94979,-84.82338,orange
33.95002,-116.5333,green
33.95003,-85.35133,green
33.97005,-84.20175,green
33.97575,-87.45876,orange
33.9844,-85.3582,orange
33.988,-109.7452,red
33.99989,-110.4298,orange
34.0,-85.0,red
34.0,-110.0,green
34.00806,-86.96416,red
34.021,-94.4435,red
34.03528,-84.83903,green
34.03789,-94.32321,green
34.04129,-85.86473,blue
34.04165,-117.0416,red
34.0425,-110.4829,blue
34.0431,-80.80685,orange
34.0474,-84.68864,green
34.05198,-85.16238,red
34.06705,-82.86789,red
34.06787,-84.79704,red
34.0775,-94.4095,orange
34.08,-93.0,orange
34.08204,-94.3457,orange
34.08725,-79.1246,red
34.1,-110.165,green
34.1088,-84.6971,green
34.11306,-95.62278,orange
34.1226,-84.7038,green
34.125,-98.105,red
34.1288,-86.68,red
34.1318,-84.73846,orange
34.14117,-85.22781,red
34.17376,-91.07266,red
34.17521,-85.18678,orange
34.17769,-85.19659,red
34.1962,-84.50055,orange
34.20873,-92.57542,green
34.21174,-96.63857,orange
34.24174,-85.08995,red
34.24228,-110.5712,red
34.25,-93.1,orange
34.25,-96.21,orange
34.25,-118.225,green
34.2556,-116.7944,red
34.27139,-110.0632,red
34.275,-110.85,blue
34.27607,-86.17524,red
34.2802,-117.8333,orange
34.285,-93.162,blue
34.285,-110.11,green
34.28665,-117.3395,red
34.28745,-84.59345,blue
34.28939,-111.1367,blue
34.29511,-86.88621,blue
34.29861,-96.30222,red
34.31,-99.295,green
34.31605,-89.845,orange
34.31611,-93.17056,orange
34.31955,-84.48006,red
34.32279,-86.5045,red
34.325,-109.64,orange
34.33335,-110.9583,orange
34.33843,-117.1776,red
34.34,-110.9725,orange
34.35,-110.98,red
34.35765,-82.82005,green
34.36153,-83.87177,red
34.36725,-84.57616,orange
34.36778,-94.68028,orange
34.369,-94.3745,orange
34.374,-80.074,blue
34.375,-111.4925,red
34.37537,-83.77232,blue
34.38638,-98.99414,green
34.39,-93.23111,blue
34.39092,-81.54448,orange
34.3924,-77.7485,green
34.39639,-95.01167,blue
34.39965,-84.383,blue
34.4,-111.5,blue
34.40434,-77.23759,blue
34.4082,-94.38045,blue
34.4125,-94.1125,blue
34.421,-81.396,green
34.425,-111.375,red
34.42654,-85.31646,red
34.4274,-110.9986,orange
34.43542,-111.3164,red
34.43951,-111.0946,red
34.4415,-94.4325,green
34.44333,-94.65639,red
34.4447,-83.59509,red
34.44652,-93.07654,red
34.45,-112.53,orange
34.45025,-82.56786,red
34.45195,-94.60042,orange
34.47,-92.58,orange
34.47091,-86.56954,blue
34.475,-111.08,green
34.4826,-85.10299,red
34.48287,-84.5136,red
34.4881,-86.6333,red
34.49108,-94.49968,orange
34.495,-96.972,orange
34.50572,-95.12156,orange
34.50917,-77.53445,orange
34.515,-111.375,orange
34.52414,-82.38998,red
34.52436,-94.91928,green
34.52473,-92.70348,green
34.52667,-94.70278,orange
34.5287,-79.26708,orange
34.53167,-92.40778,green
34.53654,-81.70052,blue
34.53784,-77.50434,red
34.53889,-94.93722,blue
34.5422,-86.66465,orange
34.55,-113.46,red
34.55056,-92.34083,orange
34.55154,-112.5421,red
34.55946,-86.59747,orange
34.56327,-85.79889,blue
34.56384,-92.22704,green
34.56444,-92.58667,orange
34.575,-111.4,red
34.59,-80.3891,orange
34.59583,-94.55944,orange
34.6,-109.44,blue
34.6021,-95.11875,orange
34.60665,-120.0023,orange
34.60905,-88.19894,blue
34.61361,-94.84861,blue
34.6167,-118.4333,red
34.625,-119.2916,red
34.62689,-85.42266,orange
34.62944,-98.62833,blue
34.64145,-83.80404,red
34.6423,-83.4192,red
34.64583,-94.575,blue
34.6527,-84.0354,red
34.65375,-83.11639,red
34.66005,-85.4034,red
34.66029,-85.39171,orange
34.66255,-83.76585,blue
34.66363,-118.4538,blue
34.66467,-83.71705,green
34.672,-83.714,orange
34.67245,-111.7099,red
34.6802,-87.00665,orange
34.68319,-83.69085,orange
34.689,-94.7325,green
34.6894,-77.2914,orange
34.695,-94.685,orange
34.69895,-85.34145,blue
34.7,-112.05,blue
34.70107,-83.6746,blue
34.70112,-87.77686,blue
34.70157,-83.45181,green
34.70435,-84.2269,red
34.7064,-83.8329,green
34.70694,-94.45417,red
34.71139,-86.6575,blue
34.71425,-83.62215,blue
34.72195,-94.96639,orange
34.73139,-86.97057,red
34.73147,-92.75093,orange
34.73153,-99.81514,green
34.7325,-86.52105,red
34.73389,-119.9254,green
34.735,-88.26655,blue
34.73966,-94.7264,red
34.74338,-94.7297,blue
34.74775,-83.48067,green
34.75139,-95.04778,orange
34.7576,-77.5873,red
34.76134,-98.61497,orange
34.76666,-118.5834,orange
34.7673,-83.77811,green
34.7706,-111.8907,red
34.77525,-85.3297,orange
34.78035,-83.78375,orange
34.78052,-77.85507,orange
34.787,-91.735,orange
34.78833,-94.70667,green
34.79914,-77.10508,green
34.80405,-87.50905,orange
34.81182,-84.3453,blue
34.81417,-95.65417,red
34.8146,-94.66875,orange
34.8155,-84.58501,orange
34.8243,-84.72352,blue
34.84161,-83.94456,green
34.84167,-94.63111,red
34.85324,-92.25454,blue
34.86111,-96.66528,orange
34.86535,-92.3575,blue
34.87,-92.12,red
34.8804,-83.31311,orange
34.88111,-91.08056,orange
34.8983,-84.6216,green
34.8986,-87.95277,green
34.90831,-110.8403,blue
34.92333,-95.26167,green
34.92336,-92.30519,orange
34.9263,-87.02025,red
34.92684,-92.30753,orange
34.92855,-87.1105,green
34.93243,-101.667,orange
34.94325,-83.18237,blue
34.9533,-81.56005,green
34.95605,-86.4559,blue
34.9575,-98.31556,green
34.96295,-111.5228,red
34.97181,-90.95902,red
35.0,-99.0,red
35.00278,-95.34111,red
35.0055,-89.3808,orange
35.01305,-82.7962,orange
35.0194,-90.32,red
35.0228,-87.2352,green
35.0271,-94.66875,green
35.0554,-79.88049,orange
35.06144,-93.45042,orange
35.07,-91.97,green
35.08344,-98.24586,green
35.09,-111.7,red
35.09306,-94.356,red
35.1013,-84.3046,orange
35.10278,-98.34056,red
35.10486,-83.23206,blue
35.10615,-86.46987,orange
35.11417,-86.465,red
35.129,-84.8215,green
35.12931,-118.3302,blue
35.1312,-79.11128,red
35.1394,-111.6259,green
35.14639,-90.18444,blue
35.148,-81.861,red
35.14947,-81.60892,orange
35.15193,-93.42848,red
35.1685,-82.488,orange
35.175,-109.25,red
35.1759,-94.0679,orange
35.17748,-118.625,green
35.18083,-79.21278,orange
35.18597,-84.48414,red
35.186,-93.206,red
35.18637,-78.63611,orange
35.1918,-86.9094,orange
35.194,-81.402,red
35.20416,-87.19556,red
35.211,-83.007,red
35.21111,-97.24139,orange
35.22149,-87.39061,red
35.2256,-80.26915,orange
35.226,-89.94,green
35.23036,-85.75014,green
35.241,-111.8634,blue
35.24194,-97.5625,red
35.24749,-79.97967,red
35.2483,-83.28265,orange
35.25048,-79.86721,green
35.255,-91.50301,orange
35.2597,-84.28315,red
35.2673,-118.9591,blue
35.26808,-96.60222,orange
35.27056,-95.97,red
35.2725,-82.65414,green
35.27639,-97.33528,blue
35.27833,-93.13361,red
35.28195,-82.39165,orange
35.2933,-95.94727,red
35.3,-111.675,red
35.3011,-99.1702,orange
35.30146,-85.07263,orange
35.30685,-111.7141,red
35.30773,-79.75644,red
35.31331,-80.00272,red
35.31924,-80.03551,blue
35.3218,-87.2932,orange
35.325,-95.0585,red
35.33069,-111.7101,red
35.33389,-98.13028,red
35.33783,-83.52992,blue
35.33975,-82.443,green
35.34572,-93.75313,red
35.34737,-91.60007,blue
35.3538,-84.0458,green
35.35636,-80.01653,orange
35.36,-82.4831,blue
35.36335,-94.229,orange
35.36895,-95.97023,red
35.37201,-108.2034,blue
35.40472,-84.05056,red
35.416,-89.7735,red
35.41939,-82.56715,red
35.42014,-97.21555,red
35.42097,-93.15208,orange
35.42525,-77.67995,orange
35.43787,-80.69763,orange
35.4449,-80.0616,red
35.44944,-91.51306,red
35.44986,-118.5821,red
35.451,-82.287,green
35.46865,-83.3626,green
35.46955,-80.08778,orange
35.4745,-83.3032,orange
35.50285,-94.77699,orange
35.5035,-89.91499,orange
35.50556,-98.575,orange
35.51222,-118.3356,orange
35.5131,-83.5582,red
35.52162,-105.2526,orange
35.52335,-89.35205,green
35.5311,-78.4048,red
35.53467,-83.17152,green
35.53467,-83.17152,green
35.537,-89.63499,blue
35.53925,-97.67827,green
35.545,-85.0667,blue
35.545,-87.8084,red
35.5467,-85.02585,green
35.55535,-93.1716,orange
35.5559,-84.0475,blue
35.5565,-121.2919,green
35.5605,-83.5214,blue
35.56577,-79.75537,red
35.56637,-94.98001,green
35.56805,-118.6078,orange
35.5803,-118.3804,red
35.58565,-107.9978,orange
35.618,-82.321,orange
35.6267,-81.5917,blue
35.63736,-108.8676,orange
35.64151,-83.47566,red
35.64389,-97.45694,blue
35.64861,-91.45889,orange
35.656,-111.938,red
35.6644,-81.78065,blue
35.665,-120.55,red
35.6753,-86.7074,red
35.68081,-97.26022,red
35.68449,-83.53575,green
35.68583,-97.00389,red
35.69958,-91.51528,blue
35.7,-117.9667,orange
35.70166,-95.70208,orange
35.703,-91.46231,orange
35.738,-90.1355,red
35.74111,-97.479,red
35.74875,-82.26195,green
35.75,-80.375,orange
35.75278,-82.22121,red
35.75472,-118.4244,red
35.7575,-95.60667,green
35.76152,-99.93007,orange
35.7695,-82.87408,blue
35.77,-92.44583,green
35.78043,-81.77603,red
35.78439,-87.44963,red
35.7909,-82.4614,orange
35.8019,-92.943,orange
35.80762,-88.30945,blue
35.83845,-81.80479,orange
35.84103,-81.20877,orange
35.84503,-118.6331,orange
35.85107,-82.05008,orange
35.8525,-80.6585,red
35.8606,-89.0912,green
35.86972,-96.968,orange
35.87885,-80.2068,orange
35.8823,-84.88694,green
35.88561,-81.92929,orange
35.892,-82.829,red
35.89305,-83.26097,orange
35.8934,-81.98335,orange
35.91965,-80.6282,red
35.92806,-94.83,red
35.93985,-100.6767,red
35.94,-87.25375,orange
35.94585,-81.7418,orange
35.94647,-81.03185,red
35.94778,-86.36485,green
35.95815,-80.2084,green
35.95835,-118.375,red
35.95865,-81.95195,green
35.97,-109.155,orange
35.97231,-84.88466,red
35.97389,-97.03333,blue
35.98475,-106.8803,green
35.988,-86.5101,red
35.9975,-93.83426,red
35.9978,-86.2011,orange
35.998,-76.946,orange
36.0,-100.5,red
36.0055,-81.08335,blue
36.00565,-89.67815,red
36.0089,-77.90525,orange
36.0165,-88.76775,green
36.02306,-97.1225,blue
36.02328,-89.17284,green
36.03501,-96.36707,red
36.042,-93.1545,red
36.0438,-118.7402,green
36.05278,-118.1303,green
36.05361,-118.5347,orange
36.0605,-108.84,red
36.06055,-89.98725,orange
36.07081,-118.2084,red
36.08089,-108.892,green
36.09081,-109.4276,red
36.0917,-86.9803,orange
36.0925,-82.3045,red
36.095,-106.9571,red
36.09583,-89.48666,orange
36.09945,-80.7704,orange
36.10222,-118.8489,orange
36.105,-84.38335,red
36.10556,-118.5272,red
36.1124,-87.4769,red
36.12083,-90.51056,blue
36.12292,-88.65445,orange
36.12318,-87.38542,red
36.126,-108.87,green
36.13222,-95.79677,red
36.13361,-93.94389,orange
36.134,-80.66,blue
36.14065,-92.52505,blue
36.14505,-108.8548,red
36.154,-91.09,orange
36.15588,-82.38587,orange
36.16488,-89.03873,red
36.1655,-93.5515,red
36.18333,-94.44694,orange
36.1874,-87.0886,orange
36.18889,-95.74556,orange
36.1894,-118.1729,orange
36.19408,-83.73153,green
36.19444,-92.38222,orange
36.19625,-105.5596,orange
36.19746,-84.66167,blue
36.19791,-91.1125,orange
36.1999,-118.1666,green
36.2058,-78.968,green
36.20611,-94.23417,orange
36.21335,-78.09365,orange
36.22306,-118.6744,red
36.225,-109.11,red
36.22935,-95.2419,red
36.2485,-121.495,green
36.25466,-86.15759,red
36.25639,-94.07806,orange
36.2635,-83.918,red
36.26451,-89.25397,red
36.28,-109.14,red
36.29871,-92.63179,blue
36.30155,-86.60155,green
36.3025,-93.448,green
36.3065,-84.34,red
36.31126,-81.30889,red
36.31519,-93.75723,red
36.31625,-79.03025,orange
36.33205,-91.52025,blue
36.33528,-92.385,green
36.34167,-93.94583,green
36.3431,-112.0934,orange
36.34389,-93.76,red
36.3461,-81.38915,blue
36.36,-92.55472,red
36.36264,-82.98764,green
36.37111,-91.87,green
36.37139,-92.25139,red
36.3715,-76.29115,orange
36.37399,-92.27071,blue
36.3779,-121.7146,red
36.37919,-95.80589,orange
36.38287,-80.46865,blue
36.38605,-92.30614,blue
36.38632,-83.21461,orange
36.3881,-93.1073,orange
36.39135,-109.0612,orange
36.39135,-109.0612,orange
36.39403,-84.85902,red
36.39835,-93.14626,orange
36.4,-112.0,orange
36.40406,-84.23711,red
36.4075,-94.92667,green
36.41,-93.74,red
36.4168,-94.78227,orange
36.4178,-107.1612,orange
36.42315,-81.56219,red
36.42846,-82.31094,orange
36.4504,-92.2428,orange
36.4525,-118.6092,red
36.4583,-83.92841,red
36.469,-91.154,green
36.48615,-80.375,blue
36.50787,-94.2319,orange
36.51627,-94.60989,red
36.54165,-109.29,orange
36.5587,-79.36079,orange
36.56304,-118.7729,red
36.57869,-90.21339,blue
36.5802,-86.5104,red
36.5884,-76.28729,red
36.589,-79.1345,green
36.589,-93.3945,orange
36.599,-105.4113,green
36.6,-91.2,red
36.615,-92.425,blue
36.62116,-96.12164,red
36.62492,-81.48593,orange
36.63621,-93.31413,red
36.63931,-78.55758,green
36.65,-112.24,orange
36.65339,-105.9678,blue
36.66257,-84.33998,blue
36.66708,-90.9525,green
36.66887,-93.29459,red
36.67065,-93.65774,red
36.67311,-83.85683,orange
36.6765,-76.364,blue
36.68937,-86.45915,red
36.70835,-118.375,red
36.71418,-93.25712,green
36.72065,-107.3956,blue
36.72415,-93.11722,blue
36.7279,-93.6383,red
36.73,-93.51,red
36.73225,-81.62195,orange
36.74,-112.19,blue
36.74465,-80.98215,blue
36.745,-80.48,orange
36.7474,-107.6021,blue
36.75139,-87.89472,red
36.7548,-92.1527,orange
36.7586,-76.0418,green
36.76377,-81.9107,orange
36.772,-86.1425,green
36.77763,-118.9604,red
36.7818,-120.201,red
36.79165,-118.125,blue
36.7999,-83.66641,orange
36.8066,-86.5549,green
36.8109,-92.3046,orange
36.81315,-108.7608,green
36.8133,-93.8232,orange
36.8207,-88.41175,green
36.8216,-87.93167,red
36.82806,-88.15556,orange
36.83193,-83.42429,blue
36.86345,-79.65835,red
36.87593,-89.86899,blue
36.8778,-82.4179,orange
36.879,-95.1695,orange
36.8817,-84.0821,orange
36.88494,-82.89404,orange
36.89478,-87.02245,orange
36.89771,-83.16293,orange
36.90237,-106.5784,red
36.91355,-77.95074,blue
36.91475,-106.9958,red
36.91528,-95.80417,blue
36.91533,-86.73543,red
36.9265,-83.0452,blue
36.92799,-88.12511,red
36.932,-80.89,red
36.9372,-88.9949,blue
36.94109,-92.7622,red
36.94165,-80.04166,orange
36.94679,-94.71512,blue
36.97061,-92.09264,red
36.9846,-80.3755,red
36.9897,-89.25555,red
36.9934,-104.4801,blue
37.0,-121.7,green
37.00085,-80.8797,orange
37.0048,-81.11751,green
37.00633,-83.56467,orange
37.01115,-79.908,red
37.02496,-92.11988,orange
37.025,-106.8583,blue
37.02759,-80.38748,red
37.03575,-94.52888,orange
37.047,-77.90815,green
37.047,-77.90815,green
37.047,-77.90815,green
37.0504,-95.0802,blue
37.0505,-90.277,green
37.055,-121.845,green
37.05571,-90.89388,orange
37.05575,-86.98705,red
37.0581,-97.3374,green
37.06226,-83.9769,green
37.06266,-79.82829,blue
37.07354,-93.13545,red
37.0787,-83.95846,red
37.07944,-118.9689,red
37.09263,-104.3786,green
37.0968,-93.4303,red
37.1137,-106.3681,green
37.1142,-89.1979,red
37.11433,-93.71506,red
37.117,-93.894,red
37.12815,-79.8871,orange
37.1303,-118.9386,red
37.1496,-86.0163,red
37.15814,-80.36054,red
37.15889,-118.3743,green
37.1694,-76.77447,red
37.17004,-118.5391,orange
37.17433,-82.39963,red
37.18124,-94.47345,blue
37.182,-113.7382,blue
37.18404,-89.36896,red
37.18404,-89.36896,orange
37.18847,-90.52135,red
37.192,-95.7455,orange
37.19201,-93.73122,orange
37.19583,-107.1771,blue
37.19822,-82.81679,red
37.22604,-82.74595,green
37.22647,-81.09017,green
37.22716,-118.6271,red
37.2276,-88.7584,green
37.228,-88.7476,orange
37.2306,-91.30804,red
37.23167,-119.235,orange
37.23389,-119.2119,blue
37.23389,-119.2119,orange
37.236,-89.55949,red
37.2362,-106.541,orange
37.23667,-119.2386,orange
37.2402,-87.40585,red
37.2423,-80.13276,green
37.248,-77.354,orange
37.26505,-106.4745,red
37.26532,-82.69576,orange
37.27,-91.985,orange
37.2725,-118.9656,red
37.2731,-83.49205,red
37.274,-94.93115,red
37.2804,-118.9614,red
37.28205,-83.21735,blue
37.286,-89.6075,blue
37.28675,-118.8741,orange
37.2875,-81.68124,orange
37.289,-88.9963,orange
37.29395,-87.52757,orange
37.29734,-79.85085,orange
37.29854,-80.82856,green
37.303,-78.193,red
37.30427,-90.83465,red
37.30833,-106.4917,red
37.30984,-84.20422,orange
37.3141,-87.64487,red
37.31413,-82.13403,blue
37.3181,-84.92358,orange
37.3199,-106.3325,orange
37.32091,-81.1271,red
37.32255,-106.5123,red
37.32355,-84.26856,orange
37.3317,-93.614,orange
37.33226,-76.70926,orange
37.33694,-119.0139,red
37.33815,-107.501,orange
37.33925,-108.3364,orange
37.34029,-87.89844,orange
37.34339,-88.71672,orange
37.3444,-97.1953,orange
37.34592,-81.8074,orange
37.3557,-80.5378,red
37.35861,-118.9975,orange
37.35944,-119.6436,orange
37.37285,-106.496,green
37.37814,-83.25562,red
37.3817,-86.1358,red
37.38334,-107.4667,green
37.38661,-79.55045,orange
37.3901,-97.56253,green
37.39315,-91.3012,orange
37.39555,-121.4871,orange
37.40025,-90.23058,orange
37.40504,-97.4572,green
37.41095,-80.6275,green
37.41098,-85.26247,red
37.4125,-108.1292,orange
37.422,-91.578,red
37.4253,-94.7844,red
37.42701,-82.48093,green
37.4351,-89.30203,orange
37.44208,-95.35479,orange
37.44378,-77.6257,green
37.445,-80.17,red
37.44508,-88.36589,red
37.4504,-92.5415,orange
37.4583,-120.0833,green
37.46041,-92.63587,green
37.4625,-108.2083,red
37.46292,-81.60155,red
37.46392,-92.52242,orange
37.475,-121.07,red
37.47975,-82.5183,green
37.48743,-93.86594,blue
37.49582,-83.89224,blue
37.49993,-82.353,blue
37.5,-88.3461,red
37.50965,-80.64685,red
37.50983,-92.22327,orange
37.515,-81.8,red
37.51867,-86.05289,orange
37.52127,-88.65912,orange
37.52947,-97.60829,red
37.5313,-80.01335,orange
37.53434,-79.49707,orange
37.53705,-84.2552,red
37.53918,-83.46014,blue
37.54,-79.57,orange
37.54661,-93.41,red
37.55156,-84.50035,orange
37.55379,-86.35931,green
37.5562,-90.2488,green
37.56055,-105.2869,orange
37.56215,-97.85428,green
37.56279,-98.42924,red
37.5656,-92.1426,green
37.56937,-89.36241,orange
37.56937,-89.36241,orange
37.5703,-118.972,red
37.57039,-84.28714,red
37.57915,-105.4979,red
37.58135,-81.29745,blue
37.58325,-118.9166,green
37.585,-79.052,orange
37.59461,-86.13757,orange
37.5965,-90.4935,green
37.5969,-105.4826,green
37.5999,-119.0,red
37.60075,-88.38197,green
37.603,-81.2625,orange
37.6095,-87.344,red
37.61095,-88.9319,red
37.61335,-89.15173,blue
37.61404,-88.50061,red
37.62124,-121.7587,green
37.63,-88.55,orange
37.63169,-91.41383,green
37.63264,-89.17177,green
37.641,-98.12825,orange
37.64103,-97.40294,orange
37.64224,-79.79759,blue
37.64966,-87.01657,green
37.65028,-118.9592,green
37.6541,-80.7582,orange
37.65522,-86.93743,orange
37.65805,-83.79678,orange
37.664,-93.684,green
37.66643,-90.86792,orange
37.6665,-81.1447,blue
37.68393,-89.48825,orange
37.68485,-89.49155,green
37.689,-85.359,red
37.69639,-119.4275,red
37.7,-81.095,orange
37.70338,-107.7015,red
37.70835,-107.9584,green
37.714,-92.173,green
37.718,-90.177,green
37.71917,-89.48784,green
37.71917,-89.48784,blue
37.72693,-76.6658,red
37.72735,-88.9487,blue
37.745,-89.3595,orange
37.75415,-82.0029,red
37.75417,-107.7667,red
37.75705,-109.3125,red
37.75745,-84.10435,orange
37.75926,-79.5912,blue
37.75972,-87.96917,orange
37.7664,-93.5395,green
37.76666,-118.5333,red
37.7684,-94.97862,red
37.7715,-97.424,orange
37.7755,-85.67188,orange
37.77591,-82.74628,orange
37.7764,-83.67952,red
37.78048,-89.45728,green
37.78861,-119.0736,green
37.7925,-92.05,red
37.7929,-80.9075,green
37.79337,-119.118,red
37.79465,-90.79886,red
37.80531,-81.14714,red
37.8058,-111.3481,green
37.81005,-94.72448,red
37.81144,-83.08006,orange
37.81269,-119.8609,blue
37.82708,-83.81139,green
37.82861,-92.20055,blue
37.83074,-119.4626,orange
37.8322,-95.32129,green
37.83438,-83.69043,orange
37.83777,-82.43635,red
37.83837,-87.13843,orange
37.83905,-107.7247,green
37.84203,-94.6028,orange
37.84239,-94.60359,orange
37.846,-89.0111,red
37.85126,-89.23383,orange
37.85524,-94.11218,orange
37.8583,-118.325,red
37.8597,-91.432,red
37.8602,-90.0329,green
37.87153,-93.82087,orange
37.88755,-88.98393,orange
37.89225,-107.1971,green
37.89508,-84.1989,red
37.89917,-119.9997,red
37.90613,-119.2481,red
37.91,-88.929,red
37.91111,-119.2569,red
37.91544,-94.32079,orange
37.92017,-88.98228,red
37.9208,-80.71875,green
37.92735,-75.6561,red
37.9308,-88.362,green
37.93125,-91.33569,red
37.9333,-119.0,green
37.94235,-82.88309,orange
37.95708,-84.97527,orange
37.96027,-86.11702,red
37.97699,-84.90234,orange
37.97761,-119.1291,red
37.9808,-78.9279,red
37.99225,-91.42575,red
37.9937,-80.3616,blue
37.9939,-93.8794,red
38.0,-81.0,orange
38.0,-112.5,orange
38.01,-87.3203,red
38.01223,-91.64719,blue
38.015,-120.245,orange
38.02372,-107.193,red
38.02516,-77.97089,blue
38.02653,-82.83278,red
38.02825,-82.83425,orange
38.02847,-85.57882,red
38.0311,-83.1815,orange
38.0312,-120.2434,blue
38.03305,-120.2636,green
38.03338,-82.44214,blue
38.03898,-120.2339,green
38.039,-90.7517,orange
38.03917,-120.0459,orange
38.04165,-119.2167,orange
38.04414,-92.97639,red
38.04679,-119.2654,orange
38.04806,-119.2642,red
38.04813,-89.30435,blue
38.05,-120.2667,green
38.05141,-120.0508,orange
38.05344,-82.5446,orange
38.05408,-79.77946,red
38.05703,-83.46259,green
38.06181,-82.69125,red
38.0654,-105.1137,red
38.06615,-120.1877,red
38.0695,-81.08506,blue
38.0735,-77.2265,orange
38.07584,-120.1039,green
38.09052,-90.06338,red
38.0944,-93.5577,red
38.09832,-120.0397,orange
38.0985,-89.4205,orange
38.10263,-81.8075,green
38.1038,-88.99181,green
38.1078,-82.73412,red
38.10785,-80.19044,green
38.10833,-80.17528,green
38.11203,-91.1569,red
38.11468,-91.06547,blue
38.11509,-82.70393,green
38.12318,-86.64338,red
38.12764,-82.59822,orange
38.12852,-80.6754,orange
38.12912,-84.94009,orange
38.14167,-119.7111,red
38.14415,-85.89175,red
38.1579,-87.41805,red
38.16205,-82.643,red
38.1625,-120.0522,blue
38.1625,-120.0522,blue
38.16391,-82.28279,blue
38.16811,-92.79309,red
38.176,-95.3465,green
38.17625,-119.864,red
38.17677,-119.9065,red
38.1814,-97.56185,green
38.18389,-120.1547,orange
38.1875,-92.337,red
38.1882,-80.1177,orange
38.18881,-88.83003,orange
38.18933,-80.2522,orange
38.195,-82.868,orange
38.19744,-97.41755,green
38.19753,-119.9811,orange
38.19753,-119.9811,blue
38.19753,-119.9811,red
38.19833,-120.0083,blue
38.20065,-80.17294,orange
38.203,-90.5545,green
38.20444,-120.3689,blue
38.2081,-91.16042,orange
38.20835,-120.0416,green
38.2128,-81.70641,red
38.21285,-90.66216,orange
38.21719,-90.50072,blue
38.21877,-120.0124,red
38.225,-112.35,red
38.22635,-90.39488,green
38.23243,-119.984,blue
38.23475,-120.1862,red
38.2383,-81.5722,red
38.2395,-119.8792,orange
38.24361,-85.03827,orange
38.24805,-119.9924,red
38.25,-121.0,orange
38.25472,-120.3536,red
38.25583,-122.5833,orange
38.25861,-85.03827,red
38.2592,-83.41507,blue
38.2639,-81.4625,orange
38.26661,-119.8633,red
38.27194,-120.2867,red
38.27372,-89.21439,orange
38.27832,-80.51534,blue
38.28,-91.6253,green
38.28085,-119.836,blue
38.2845,-80.6385,orange
38.29116,-119.7275,red
38.29165,-119.54,red
38.30056,-120.7053,orange
38.305,-92.411,green
38.3068,-119.5483,red
38.3085,-92.8254,red
38.312,-80.429,red
38.31722,-119.7489,red
38.31738,-82.51773,orange
38.31944,-120.2603,orange
38.32304,-88.96978,red
38.32417,-119.7519,red
38.3248,-82.4438,orange
38.32548,-80.60419,red
38.33109,-80.51374,red
38.33115,-119.7853,red
38.3331,-79.35755,red
38.33527,-83.41575,red
38.33885,-82.89059,blue
38.33912,-89.35323,green
38.354,-87.8572,red
38.35727,-82.59348,red
38.35806,-82.43855,red
38.36885,-78.5367,blue
38.36911,-78.53718,red
38.375,-120.125,red
38.37558,-97.58336,green
38.3778,-88.07554,green
38.37945,-87.79079,orange
38.38096,-82.52633,red
38.39027,-85.95914,orange
38.3905,-94.352,orange
38.3908,-95.6491,orange
38.3958,-119.801,orange
38.397,-94.332,blue
38.39917,-120.5264,red
38.4,-105.1167,orange
38.4063,-90.7357,orange
38.40685,-90.7,orange
38.4125,-92.1855,green
38.415,-122.585,red
38.4191,-86.23506,red
38.42968,-82.64877,red
38.43189,-89.87113,red
38.43235,-86.19055,red
38.4326,-89.79143,green
38.4335,-89.7915,blue
38.437,-92.408,red
38.441,-91.6284,orange
38.44148,-85.0016,orange
38.44367,-79.1347,red
38.44714,-79.65548,blue
38.45795,-83.9311,orange
38.45799,-120.0491,orange
38.45861,-120.0397,red
38.45927,-90.55145,blue
38.46118,-82.07358,red
38.46156,-94.14297,red
38.46253,-93.91737,orange
38.46472,-120.0389,orange
38.4763,-89.54485,red
38.4775,-120.0047,orange
38.48342,-77.34673,orange
38.485,-92.225,green
38.48959,-107.7,red
38.4906,-121.7138,orange
38.4975,-88.9094,orange
38.49833,-107.8833,red
38.51465,-83.83695,orange
38.51591,-79.02109,red
38.51639,-123.24,red
38.51665,-119.6234,orange
38.51689,-90.16501,orange
38.52019,-77.36115,red
38.52026,-79.33413,red
38.521,-94.188,red
38.5229,-94.19245,blue
38.524,-94.1927,green
38.528,-84.588,orange
38.53062,-89.89167,blue
38.53082,-82.70584,blue
38.53187,-82.7989,blue
38.54166,-104.9908,green
38.54602,-79.16096,orange
38.5464,-82.25949,orange
38.54852,-82.66616,red
38.55,-79.98,red
38.56277,-83.32354,orange
38.56546,-79.14478,red
38.567,-89.341,orange
38.56724,-92.07335,red
38.5735,-94.477,red
38.57502,-79.18524,blue
38.57716,-79.11095,red
38.58125,-79.14795,green
38.5859,-104.9426,green
38.586,-94.286,orange
38.5992,-94.1057,green
38.59998,-106.6417,orange
38.60124,-106.3466,orange
38.60551,-82.71107,blue
38.6167,-119.9501,orange
38.61792,-77.52767,blue
38.62,-91.96238,orange
38.6234,-94.6837,orange
38.62563,-96.44296,red
38.63295,-75.80465,green
38.63454,-83.80266,blue
38.63472,-86.79333,red
38.63813,-85.00044,blue
38.64301,-83.69977,blue
38.6492,-79.26241,blue
38.655,-90.675,red
38.66736,-89.87602,orange
38.6685,-80.03149,blue
38.6691,-104.8604,blue
38.676,-75.18375,blue
38.68516,-83.12916,red
38.68707,-89.09732,orange
38.68775,-105.047,red
38.6899,-86.25349,red
38.69322,-83.12891,red
38.6934,-79.5653,blue
38.69428,-90.52987,orange
38.7016,-79.52835,orange
38.70819,-77.17868,red
38.7084,-79.7802,orange
38.71,-75.36536,orange
38.71145,-105.0354,blue
38.712,-79.7773,green
38.71225,-105.1744,orange
38.71342,-86.04386,red
38.716,-104.875,red
38.71682,-87.68468,blue
38.71806,-120.5619,red
38.71954,-106.2384,green
38.7201,-79.7927,red
38.72139,-120.5836,orange
38.72226,-89.80125,blue
38.73048,-78.33453,red
38.7365,-81.0321,red
38.73687,-83.39134,blue
38.73725,-85.84489,orange
38.73802,-90.53249,orange
38.73854,-84.63702,orange
38.741,-77.23238,red
38.7437,-94.2633,green
38.74625,-89.8774,red
38.74784,-90.14547,red
38.74784,-90.14547,orange
38.74899,-82.97854,orange
38.75,-122.7,red
38.753,-105.1598,orange
38.76139,-120.5856,red
38.76417,-87.60555,red
38.76635,-95.70296,red
38.77386,-120.4036,red
38.77727,-83.18179,orange
38.7774,-90.012,orange
38.77741,-105.9111,orange
38.77778,-119.8208,red
38.77778,-119.8208,red
38.788,-79.495,orange
38.79215,-82.93085,red
38.79381,-82.55177,red
38.79833,-82.54968,red
38.79998,-120.2083,red
38.80319,-77.34879,red
38.80435,-120.0825,red
38.809,-89.918,red
38.81124,-92.59781,orange
38.81639,-76.54514,orange
38.81772,-83.80582,red
38.8204,-111.6631,orange
38.826,-105.1146,red
38.82795,-83.56633,green
38.8317,-81.5784,red
38.835,-79.3686,red
38.835,-79.3762,blue
38.83628,-83.12873,orange
38.83714,-106.199,orange
38.83859,-83.28128,green
38.83996,-123.0585,red
38.8409,-79.4016,red
38.8448,-82.0849,blue
38.8554,-79.3999,orange
38.85556,-120.0133,red
38.86,-120.1358,green
38.8609,-79.55928,blue
38.86165,-120.2201,red
38.875,-107.7084,orange
38.87531,-87.90503,red
38.8762,-79.95695,red
38.87813,-79.3434,blue
38.88059,-82.43382,blue
38.88665,-75.3793,red
38.8922,-105.1058,orange
38.8926,-79.47325,red
38.893,-87.869,green
38.89625,-78.1268,orange
38.89665,-83.40573,blue
38.8993,-104.9743,orange
38.9,-105.3812,green
38.9006,-104.9917,red
38.90123,-89.80123,blue
38.90203,-79.33517,red
38.90222,-121.0803,green
38.90323,-78.48832,green
38.90333,-120.6033,blue
38.9037,-120.6049,red
38.90649,-84.67017,red
38.90833,-107.575,red
38.9099,-92.36771,blue
38.91,-105.275,orange
38.91185,-120.5764,orange
38.9142,-95.2577,orange
38.92241,-90.16171,red
38.9241,-89.53419,blue
38.9264,-82.14285,blue
38.92993,-90.53175,green
38.93,-120.205,red
38.93027,-79.68047,red
38.93333,-105.4917,orange
38.93333,-119.9833,blue
38.93333,-119.9833,green
38.93333,-119.9833,red
38.93704,-92.32704,green
38.94564,-87.97622,green
38.946,-89.582,orange
38.9506,-83.02551,blue
38.95242,-79.42547,orange
38.95285,-121.0479,orange
38.9575,-120.0914,red
38.9575,-120.0914,orange
38.9575,-120.0914,red
38.9593,-78.02081,orange
38.96,-120.0969,green
38.965,-82.905,blue
38.96846,-89.72024,red
38.9695,-79.7625,red
38.9706,-79.4123,red
38.9766,-78.6205,blue
38.98,-80.27,orange
38.98,-89.136,blue
38.98773,-78.20517,green
38.99353,-94.22043,green
38.99484,-84.10731,green
38.9951,-90.1451,green
38.9969,-108.1098,orange
38.99778,-120.2392,red
39.0,-89.0,orange
39.00056,-119.8458,orange
39.00175,-84.14354,orange
39.00875,-94.30658,green
39.01142,-76.53862,red
39.01166,-86.57665,orange
39.01569,-84.08533,blue
39.01577,-106.7522,red
39.01917,-120.8275,red
39.01972,-81.85806,green
39.02028,-120.8169,orange
39.02341,-90.40184,green
39.02502,-86.49139,orange
39.02775,-90.4049,orange
39.03445,-94.10855,blue
39.03496,-79.95418,green
39.03501,-84.1317,red
39.04035,-94.16049,orange
39.0417,-79.43762,red
39.0465,-105.2146,orange
39.04744,-86.38894,orange
39.05,-79.98335,red
39.05922,-83.07492,blue
39.06,-89.558,orange
39.06,-89.98351,red
39.0621,-105.0138,orange
39.06381,-95.74633,green
39.06392,-77.2948,blue
39.06565,-85.01295,red
39.06583,-123.4439,orange
39.06881,-79.32608,red
39.072,-95.747,red
39.08,-121.42,orange
39.08002,-84.79574,orange
39.0833,-120.1666,red
39.08414,-76.82731,red
39.08817,-92.31901,red
39.0895,-82.8342,red
39.09109,-87.80624,blue
39.0917,-106.4417,green
39.10023,-79.4593,blue
39.1006,-106.5445,orange
39.10495,-82.79665,orange
39.10611,-83.0363,green
39.1062,-99.26195,orange
39.1084,-107.0153,red
39.11167,-120.4683,orange
39.11378,-76.811,green
39.115,-89.952,green
39.11636,-105.2155,red
39.1175,-93.4025,red
39.11929,-83.40022,red
39.13595,-84.17227,green
39.1405,-91.419,red
39.14299,-82.41166,orange
39.1441,-95.488,green
39.14519,-96.35309,red
39.14588,-77.67422,green
39.1463,-96.8223,orange
39.1489,-96.9614,red
39.15735,-106.4213,red
39.1611,-80.23375,green
39.16305,-107.9514,red
39.17029,-82.47604,green
39.17257,-83.26393,blue
39.17295,-84.971,red
39.17909,-86.3356,red
39.18975,-106.4269,orange
39.20212,-83.13585,blue
39.2026,-106.1143,red
39.2038,-89.9758,blue
39.205,-121.58,red
39.2065,-86.22125,green
39.20834,-106.0417,orange
39.20894,-94.2908,orange
39.21278,-120.8908,green
39.21338,-105.0652,orange
39.2152,-86.05825,red
39.21564,-77.4608,red
39.21667,-120.8983,blue
39.21833,-81.16211,orange
39.22348,-74.69759,orange
39.22361,-123.7675,red
39.225,-106.3625,red
39.2305,-95.44415,orange
39.2372,-88.61966,orange
39.24523,-82.27037,red
39.2475,-94.271,green
39.24841,-86.33011,green
39.24998,-106.2583,green
39.25,-106.3,orange
39.25,-123.15,blue
39.25109,-82.3997,orange
39.25396,-121.0517,orange
39.26167,-121.015,red
39.26188,-79.01405,orange
39.26361,-121.0161,blue
39.26776,-89.48787,orange
39.26903,-84.25986,orange
39.26944,-106.3833,red
39.28537,-81.85331,green
39.29007,-91.09014,green
39.29056,-119.6564,red
39.29325,-106.1215,red
39.2949,-90.608,green
39.30023,-105.6723,green
39.30056,-120.6672,red
39.3045,-106.171,red
39.3047,-90.0775,orange
39.30525,-90.0933,red
39.30595,-98.2833,red
39.30745,-94.59565,green
39.31667,-105.3542,red
39.31917,-120.3275,red
39.32117,-86.46065,blue
39.3225,-120.2653,orange
39.32385,-106.2275,orange
39.33292,-95.84024,orange
39.335,-78.94501,orange
39.3375,-107.0671,green
39.34657,-90.1173,blue
39.355,-80.915,red
39.35503,-105.2527,blue
39.3579,-85.61,green
39.365,-85.8486,red
39.3716,-94.9,blue
39.37215,-84.80138,red
39.3731,-81.65929,red
39.3735,-91.093,red
39.37357,-107.0596,blue
39.374,-120.914,red
39.37509,-84.79429,red
39.37753,-90.04582,orange
39.38,-86.11,green
39.3804,-86.4324,red
39.38745,-81.67339,red
39.3875,-94.43649,red
39.39565,-105.7854,blue
39.3985,-94.4955,blue
39.39935,-82.52238,orange
39.40305,-105.8226,red
39.4045,-94.91451,orange
39.40458,-87.7313,blue
39.40589,-105.475,green
39.40877,-81.73172,red
39.41087,-106.1444,red
39.41546,-120.4187,red
39.4191,-105.7065,red
39.42606,-84.10463,green
39.42635,-81.37085,orange
39.42923,-104.9677,orange
39.4383,-89.86021,orange
39.445,-91.07,green
39.4455,-105.0787,orange
39.44583,-123.8042,red
39.4484,-82.2244,red
39.45697,-85.5481,green
39.45789,-82.24257,orange
39.45824,-106.625,orange
39.46019,-81.54855,red
39.4627,-106.6035,red
39.47642,-82.24155,orange
39.48,-111.23,red
39.48219,-82.32669,green
39.4862,-86.161,red
39.49265,-83.11422,red
39.49695,-84.45905,orange
39.502,-94.29428,blue
39.50435,-120.3784,orange
39.50655,-88.70795,blue
39.5075,-89.3469,green
39.5075,-89.3469,orange
39.51,-80.985,orange
39.51256,-78.05424,orange
39.51489,-123.3899,red
39.52122,-80.37878,blue
39.5226,-78.49429,orange
39.5246,-82.6353,green
39.52701,-105.4147,orange
39.53722,-121.4822,red
39.53747,-90.17564,red
39.5392,-77.9407,green
39.54114,-80.11329,green
39.54739,-81.39101,blue
39.55249,-121.5027,red
39.5575,-120.8294,red
39.56573,-82.49833,red
39.57143,-82.49968,red
39.57463,-90.24173,red
39.58157,-82.36887,red
39.58375,-111.1339,red
39.592,-119.975,orange
39.59607,-82.35291,orange
39.59947,-82.63536,orange
39.60238,-94.40015,red
39.607,-90.64,orange
39.60835,-74.43445,red
39.61205,-84.36754,orange
39.61958,-81.14833,red
39.62,-89.6845,red
39.6279,-82.83647,blue
39.632,-75.5167,green
39.63255,-82.26463,orange
39.63382,-81.40079,blue
39.63662,-84.36874,blue
39.6395,-89.66525,red
39.64081,-81.47081,red
39.64146,-84.48506,orange
39.64175,-111.2186,orange
39.64193,-82.1013,green
39.64306,-121.2733,red
39.64819,-78.32549,green
39.652,-74.6298,orange
39.65361,-84.66399,orange
39.6543,-83.7278,blue
39.6548,-90.18651,orange
39.65625,-84.51192,green
39.65749,-89.56981,red
39.6632,-106.8085,green
39.66676,-89.68079,green
39.67095,-105.8199,red
39.6716,-79.9442,green
39.67183,-76.34047,orange
39.6723,-80.5621,orange
39.679,-119.6665,red
39.679,-119.6665,red
39.68833,-123.4817,red
39.68833,-123.4817,red
39.69191,-74.55341,green
39.6946,-76.6691,green
39.6995,-79.5375,orange
39.70042,-84.62567,green
39.705,-121.18,orange
39.70852,-75.38251,blue
39.7198,-106.1666,red
39.7273,-97.34005,green
39.72785,-76.2074,blue
39.72848,-86.93636,red
39.73333,-89.61281,orange
39.73523,-76.04183,red
39.7384,-74.2975,blue
39.74107,-82.70263,red
39.74356,-86.81714,blue
39.745,-83.825,green
39.74652,-90.17844,blue
39.74678,-89.34647,green
39.74961,-84.09158,red
39.75318,-89.56226,orange
39.75531,-81.02917,blue
39.7557,-92.9282,red
39.75616,-88.62624,orange
39.76366,-77.27178,red
39.7721,-89.4691,orange
39.7784,-74.54086,red
39.781,-88.867,orange
39.78594,-82.29162,red
39.7962,-74.3749,blue
39.80777,-106.3023,red
39.80825,-121.0456,red
39.8213,-88.1676,orange
39.8234,-74.70135,orange
39.83,-123.115,green
39.8352,-88.47835,orange
39.83627,-89.65926,red
39.83804,-93.6515,red
39.83929,-123.2393,blue
39.8397,-91.6533,green
39.84874,-89.55229,red
39.8494,-84.15971,red
39.853,-89.5,blue
39.85461,-83.94906,orange
39.859,-94.856,red
39.8595,-94.54,blue
39.86019,-81.20422,orange
39.86096,-83.96562,orange
39.8679,-87.23335,orange
39.8732,-88.9813,blue
39.879,-106.6735,orange
39.88653,-81.27132,blue
39.89172,-84.14493,orange
39.89203,-83.00142,red
39.89216,-83.96123,orange
39.90416,-81.98721,red
39.91209,-81.04791,orange
39.91682,-90.95499,red
39.92104,-83.95184,red
39.92778,-122.1781,blue
39.92781,-81.61014,red
39.92821,-83.64597,blue
39.93154,-81.28671,red
39.934,-74.3966,red
39.9347,-87.08955,red
39.93521,-89.88871,orange
39.94278,-121.0158,red
39.9433,-79.665,blue
39.94853,-74.42721,green
39.95329,-81.39827,red
39.96627,-83.51394,blue
39.9784,-84.1735,red
39.98216,-74.36187,orange
39.98705,-85.3149,orange
40.0,-90.0,green
40.00385,-107.4381,orange
40.00817,-105.298,orange
40.00915,-82.67252,red
40.01142,-123.9122,orange
40.01209,-82.13298,orange
40.01452,-81.34529,orange
40.01784,-80.93318,orange
40.01979,-83.56088,orange
40.01983,-81.07013,green
40.025,-105.4458,orange
40.028,-110.9315,orange
40.03527,-123.7876,blue
40.03728,-120.9851,orange
40.0403,-86.1084,red
40.04342,-84.04518,blue
40.0445,-111.5447,orange
40.04505,-90.1498,blue
40.04603,-82.14536,green
40.04755,-80.25645,orange
40.04792,-83.5556,green
40.05148,-79.56702,orange
40.053,-74.1301,red
40.05998,-82.28814,blue
40.0625,-123.2208,red
40.06831,-90.15218,orange
40.0799,-81.49697,green
40.08159,-83.0337,green
40.08946,-81.69818,orange
40.09169,-87.71541,orange
40.1,-124.2,blue
40.10084,-81.14331,green
40.10348,-81.50933,green
40.10801,-81.56232,green
40.10975,-80.85938,blue
40.1138,-81.5518,red
40.11632,-81.52101,red
40.11682,-81.4936,red
40.1218,-81.5117,red
40.12719,-81.50403,red
40.1316,-74.85745,blue
40.1333,-80.68192,blue
40.1348,-90.6757,orange
40.1399,-96.7432,orange
40.14003,-81.49033,blue
40.14471,-89.41959,orange
40.15002,-83.02854,red
40.1527,-87.7424,orange
40.16465,-74.68135,orange
40.16912,-80.62003,red
40.17585,-105.3792,red
40.17699,-81.63656,orange
40.18,-86.1512,red
40.18113,-74.09944,orange
40.18478,-74.72261,green
40.19732,-88.724,red
40.20275,-81.1188,red
40.20556,-123.4908,blue
40.2287,-81.96845,green
40.24354,-84.18491,orange
40.24786,-81.15179,green
40.25597,-82.1334,green
40.25622,-111.6068,orange
40.25679,-90.59952,blue
40.26059,-81.22332,red
40.26494,-83.0556,red
40.26639,-123.8692,red
40.26639,-123.8692,red
40.26705,-111.5986,green
40.26821,-105.1821,green
40.26916,-88.1033,orange
40.27488,-81.51749,orange
40.277,-107.8708,orange
40.2831,-80.78826,blue
40.28488,-81.58699,orange
40.29,-80.585,red
40.29771,-80.75612,orange
40.29929,-79.8944,blue
40.3,-124.2,red
40.30527,-80.93864,blue
40.30824,-81.24778,green
40.3105,-105.812,red
40.316,-90.459,orange
40.32247,-79.16817,red
40.3244,-81.99955,green
40.33345,-81.26559,green
40.33498,-77.85934,red
40.33556,-121.9139,orange
40.33838,-105.5728,blue
40.34042,-80.64211,blue
40.34057,-87.47077,orange
40.34937,-111.6956,blue
40.35097,-81.99847,green
40.35259,-124.0101,red
40.357,-79.8765,red
40.36207,-81.18504,red
40.36462,-82.24197,blue
40.36831,-81.32809,red
40.36887,-80.81801,red
40.36957,-80.77387,orange
40.3725,-80.67828,green
40.3752,-91.3883,green
40.37726,-75.37814,orange
40.38335,-87.0796,red
40.3857,-111.6992,green
40.38609,-82.69884,red
40.39103,-80.6937,orange
40.39956,-94.02478,red
40.40192,-81.08803,orange
40.40611,-81.13733,orange
40.42,-111.63,red
40.4225,-75.06665,red
40.42591,-80.6616,green
40.42655,-81.25576,orange
40.42687,-81.2558,red
40.43163,-79.58031,blue
40.43298,-120.7413,green
40.4415,-91.4261,green
40.4521,-106.6535,red
40.45273,-90.79664,red
40.45418,-108.5417,red
40.45428,-90.78947,red
40.45787,-121.8765,red
40.45815,-74.77675,red
40.46339,-82.82576,red
40.465,-124.0,red
40.4664,-91.0007,orange
40.47326,-83.44371,orange
40.4764,-82.80257,blue
40.47672,-81.39331,red
40.478,-74.4611,orange
40.4805,-106.7682,blue
40.4871,-112.1402,red
40.48724,-90.19624,red
40.4925,-121.8881,red
40.4999,-121.9167,blue
40.5,-109.9,blue
40.50322,-80.19804,blue
40.50945,-82.87663,blue
40.5258,-79.6575,orange
40.52737,-118.1806,blue
40.5278,-79.7668,red
40.52825,-80.25475,orange
40.5332,-90.0594,green
40.53806,-121.7314,red
40.54167,-105.9333,orange
40.54269,-80.89606,orange
40.54605,-81.26217,red
40.54919,-85.69739,red
40.55179,-90.7771,blue
40.55415,-106.7084,orange
40.5634,-89.95824,blue
40.5658,-90.0055,orange
40.57499,-105.3646,red
40.57773,-93.64312,green
40.5833,-79.9167,blue
40.5835,-122.553,blue
40.58667,-122.3906,orange
40.5896,-82.82214,red
40.59307,-82.14194,green
40.59604,-93.77783,red
40.59904,-89.88347,blue
40.59935,-82.23988,red
40.60291,-82.16943,red
40.60353,-110.8055,red
40.60667,-74.84528,red
40.60779,-111.6508,red
40.60787,-82.26236,orange
40.60946,-80.3293,green
40.61,-89.585,orange
40.61087,-110.8139,red
40.61111,-82.29642,red
40.61125,-110.3583,red
40.61182,-90.01651,red
40.61236,-82.48699,orange
40.61286,-82.17295,red
40.61286,-82.17295,red
40.61309,-82.31692,red
40.6166,-80.0107,orange
40.61798,-77.62407,green
40.62147,-81.34993,red
40.62288,-89.99328,red
40.625,-90.3832,red
40.62731,-82.12366,blue
40.6298,-81.5693,orange
40.63267,-90.28404,blue
40.63281,-89.99568,red
40.63556,-122.7325,orange
40.63606,-80.53528,red
40.64043,-97.13196,orange
40.64049,-80.90944,green
40.64289,-121.8214,red
40.6445,-83.6118,red
40.65,-110.0,red
40.65083,-78.52589,blue
40.65572,-83.93892,orange
40.6559,-83.9374,green
40.65639,-89.04518,orange
40.66972,-95.68422,red
40.67577,-89.60034,blue
40.67855,-89.49032,blue
40.6789,-122.8055,red
40.67979,-81.51075,red
40.6807,-80.57164,red
40.68514,-81.02382,orange
40.68935,-80.57593,red
40.69334,-80.57396,green
40.70386,-80.58332,red
40.71737,-81.18352,green
40.7219,-85.5045,red
40.725,-80.616,red
40.72943,-80.59236,orange
40.73206,-80.61996,red
40.7333,-122.6667,red
40.73412,-84.06565,blue
40.7343,-81.15622,red
40.74065,-81.35575,blue
40.74451,-81.0758,red
40.7446,-74.6215,red
40.74705,-82.64864,red
40.74765,-85.57069,red
40.7485,-123.2718,orange
40.75,-109.575,red
40.75,-122.1667,red
40.75,-122.1675,green
40.75079,-81.27147,red
40.755,-122.33,red
40.75872,-81.19895,orange
40.76345,-75.11044,red
40.76533,-80.55217,red
40.7729,-122.1024,red
40.77545,-74.3516,green
40.77789,-81.25768,blue
40.77972,-80.64831,orange
40.77988,-110.9325,red
40.79166,-105.9583,red
40.79362,-81.32337,orange
40.79438,-81.31219,red
40.7974,-122.278,blue
40.80222,-124.1625,red
40.81139,-82.26806,red
40.8139,-91.0863,orange
40.8179,-85.3532,orange
40.8192,-74.85561,blue
40.82327,-82.32803,orange
40.825,-110.825,red
40.82546,-88.50196,orange
40.82944,-89.73378,orange
40.82944,-89.73378,green
40.8333,-122.6417,green
40.8348,-93.85965,orange
40.8348,-93.85965,green
40.8365,-89.599,red
40.84707,-105.6385,orange
40.84792,-96.6824,orange
40.8495,-75.327,orange
40.85,-123.55,orange
40.85,-123.7,green
40.85035,-82.29486,red
40.8557,-82.26972,green
40.86765,-109.5143,blue
40.87496,-80.7291,orange
40.88,-121.675,orange
40.8833,-122.2333,red
40.8875,-122.3775,green
40.89452,-74.79077,red
40.8959,-74.2918,orange
40.9,-109.75,red
40.9,-111.625,orange
40.90177,-81.26729,orange
40.9119,-90.928,green
40.91197,-80.70913,red
40.915,-109.725,orange
40.91689,-111.8038,blue
40.92128,-111.0837,orange
40.92276,-82.44401,blue
40.92344,-80.84042,orange
40.92895,-80.07216,red
40.92911,-121.6156,orange
40.93552,-74.49518,orange
40.94083,-123.6283,green
40.9427,-74.46155,blue
40.9452,-90.9009,green
40.9474,-90.4429,red
40.94825,-80.69776,orange
40.94997,-80.07443,green
40.9575,-74.45995,green
40.95818,-80.97507,red
40.97015,-78.42314,red
40.9744,-111.8189,orange
40.98073,-90.18332,red
40.98333,-122.6986,orange
40.9847,-86.911,blue
40.98583,-110.3961,orange
40.98596,-81.11642,red
40.9913,-122.8719,orange
40.9934,-74.3249,green
40.995,-91.75205,orange
40.99562,-82.38627,green
40.99567,-74.78004,blue
41.01865,-78.377,blue
41.01941,-74.57013,green
41.02174,-92.73979,blue
41.02176,-74.53322,orange
41.02524,-89.45454,orange
41.02572,-81.77677,orange
41.03,-82.0101,green
41.0312,-123.669,green
41.05,-80.50751,red
41.05304,-80.51186,red
41.05931,-81.3654,red
41.06019,-81.79669,orange
41.06194,-81.36305,red
41.062,-86.5945,red
41.06499,-81.3741,red
41.06648,-81.96419,orange
41.0672,-82.41861,red
41.06939,-82.36591,red
41.06945,-74.15562,red
41.07374,-80.12229,orange
41.08335,-74.321,orange
41.09087,-80.77592,orange
41.09302,-81.82391,orange
41.10715,-81.1414,orange
41.10765,-81.4311,orange
41.1139,-122.7,red
41.11417,-82.07824,green
41.11447,-80.14099,green
41.115,-75.205,orange
41.1174,-80.9835,red
41.12012,-81.81317,orange
41.12409,-90.16382,red
41.12782,-78.5826,red
41.12884,-80.85832,green
41.13021,-81.11578,red
41.13183,-81.11617,red
41.13356,-81.17155,orange
41.134,-95.88,red
41.13498,-74.80315,red
41.1445,-74.29085,red
41.1462,-80.62124,blue
41.14652,-74.59959,orange
41.14896,-83.43667,red
41.15384,-81.1124,blue
41.15845,-81.33134,green
41.16,-123.9,red
41.16124,-87.58124,green
41.16187,-81.37181,red
41.16984,-81.64181,orange
41.17222,-82.34181,blue
41.17646,-81.32425,green
41.17838,-74.52625,orange
41.18518,-81.03764,red
41.2,-110.5,blue
41.207,-88.01345,red
41.21361,-122.2703,red
41.21365,-80.26563,orange
41.21385,-124.0687,orange
41.21424,-81.5168,green
41.2145,-74.5995,orange
41.22248,-81.91616,red
41.2285,-89.3211,orange
41.23296,-74.11488,red
41.2333,-96.42668,red
41.23528,-123.6581,orange
41.23598,-123.292,red
41.23638,-81.62379,orange
41.23739,-81.60576,red
41.238,-95.92,red
41.23925,-81.62295,green
41.25,-111.05,blue
41.25,-123.6667,red
41.25248,-81.60838,blue
41.2584,-81.56255,red
41.2599,-81.1455,orange
41.26155,-89.03049,red
41.2625,-84.38103,green
41.26455,-74.1468,orange
41.27412,-74.64189,red
41.27939,-82.21939,orange
41.28694,-124.0586,red
41.28996,-123.056,red
41.29077,-88.66103,orange
41.29247,-83.05098,orange
41.29453,-74.68758,red
41.295,-88.595,red
41.29596,-74.68832,red
41.29601,-88.60679,red
41.29621,-81.5745,red
41.29663,-88.60814,blue
41.29873,-73.73717,orange
41.30056,-124.0644,orange
41.30265,-81.30896,orange
41.30374,-88.95451,red
41.30412,-89.9595,orange
41.30566,-74.6854,red
41.31268,-78.39445,red
41.31405,-81.38112,red
41.31609,-81.56152,blue
41.31917,-123.1778,red
41.3224,-88.92,orange
41.3235,-81.22745,orange
41.32501,-75.74288,green
41.33,-88.55,green
41.33018,-88.53889,red
41.3368,-88.562,red
41.3368,-88.562,green
41.3382,-85.7037,orange
41.34404,-78.04547,orange
41.34693,-88.23882,orange
41.34728,-84.54476,orange
41.35208,-81.57021,red
41.3657,-123.1317,red
41.3675,-92.9008,orange
41.36755,-80.76735,blue
41.36935,-73.1512,red
41.37861,-123.7481,orange
41.38084,-73.91649,red
41.38199,-81.27506,red
41.38274,-82.12263,red
41.38609,-72.30142,red
41.38622,-72.60558,orange
41.38695,-71.95564,red
41.39803,-81.33974,green
41.4065,-76.804,red
41.40762,-87.60593,orange
41.40985,-82.11172,red
41.41,-120.6781,red
41.41125,-111.5833,orange
41.4209,-88.706,orange
41.42178,-72.85863,red
41.42364,-82.82491,orange
41.42396,-88.71103,red
41.42579,-80.89096,red
41.42741,-88.71402,red
41.42806,-122.3839,orange
41.43135,-111.4988,orange
41.432,-71.65183,red
41.44442,-81.20629,blue
41.45,-71.5,orange
41.45833,-122.4306,green
41.4596,-71.58906,orange
41.461,-94.045,orange
41.47349,-81.3726,red
41.47445,-91.74585,orange
41.47511,-79.3178,red
41.4811,-87.5321,red
41.48453,-96.01464,blue
41.48722,-120.5414,green
41.48962,-83.06977,green
41.49472,-73.36136,red
41.49887,-73.59659,green
41.49955,-111.6348,orange
41.5,-111.75,green
41.50086,-81.28275,red
41.5036,-73.7171,red
41.50383,-75.23662,blue
41.51105,-72.46315,blue
41.51954,-78.87955,red
41.52387,-93.4371,orange
41.5325,-81.1351,red
41.53346,-87.75156,red
41.53346,-87.75156,blue
41.5343,-111.5281,orange
41.53887,-87.62597,orange
41.55099,-98.22576,blue
41.55965,-90.40675,red
41.5621,-81.22853,red
41.57231,-81.22075,blue
41.59272,-71.90106,orange
41.59377,-93.974,orange
41.59773,-73.64642,red
41.6,-90.1,blue
41.60511,-73.59506,green
41.60551,-70.97708,blue
41.61575,-88.4586,blue
41.62183,-93.63804,blue
41.625,-88.4375,red
41.63039,-87.86476,green
41.63243,-87.76622,orange
41.63243,-87.76622,red
41.63289,-87.79683,red
41.6359,-111.6149,orange
41.65,-123.85,blue
41.65225,-90.59601,blue
41.65925,-123.4498,green
41.66955,-74.0863,green
41.67433,-87.84415,green
41.68669,-73.35194,blue
41.70813,-77.99314,orange
41.7086,-112.0179,blue
41.7164,-81.1438,red
41.7173,-87.8617,red
41.72134,-80.88494,blue
41.72264,-89.80784,orange
41.72278,-120.3292,blue
41.72735,-80.54558,green
41.72944,-122.6361,red
41.73125,-70.48792,blue
41.73315,-78.93985,orange
41.73534,-90.22054,blue
41.74419,-70.95906,red
41.75,-123.35,green
41.75,-123.35,blue
41.75611,-124.2006,orange
41.7584,-90.0795,green
41.7627,-87.7714,blue
41.76292,-91.59415,red
41.76392,-90.55585,red
41.7655,-77.8768,green
41.76702,-80.98022,blue
41.77945,-85.99374,blue
41.7798,-89.689,red
41.7822,-91.57033,green
41.78913,-84.53609,red
41.79639,-84.4587,green
41.79985,-75.9799,blue
41.80205,-85.84005,red
41.80832,-84.20835,green
41.8111,-123.375,red
41.81287,-80.95952,red
41.81391,-71.74425,green
41.81429,-80.84143,orange
41.81835,-80.93665,red
41.81902,-80.58163,blue
41.82417,-122.9958,red
41.82935,-73.15157,red
41.8333,-123.1668,red
41.83664,-70.89049,green
41.84136,-87.83285,orange
41.845,-77.7011,orange
41.845,-122.575,blue
41.84998,-124.1417,orange
41.85164,-70.95207,green
41.85256,-80.96186,blue
41.85526,-123.8435,orange
41.8607,-123.793,green
41.86395,-89.34285,red
41.86425,-73.00099,orange
41.871,-84.2995,red
41.87219,-73.55858,orange
41.89011,-88.18031,blue
41.89288,-123.7879,blue
41.90703,-89.41539,blue
41.91826,-80.54177,orange
41.93,-84.35389,green
41.94512,-73.87915,red
41.95082,-72.99536,orange
41.9548,-78.65621,orange
41.9586,-87.8574,green
41.96181,-111.5333,blue
41.96925,-89.38184,orange
41.972,-83.3595,red
41.97226,-78.66863,red
41.97341,-73.66616,green
41.9773,-84.7802,green
41.98067,-71.6568,orange
41.98645,-123.1749,green
42.00356,-73.32587,red
42.01496,-71.58914,green
42.0152,-94.3677,red
42.02106,-123.2725,orange
42.0288,-86.5153,blue
42.03477,-93.92304,orange
42.068,-84.22701,orange
42.06832,-78.7492,red
42.07,-124.3,blue
42.075,-88.53872,blue
42.07867,-73.38644,orange
42.08,-124.3,green
42.08179,-72.82665,blue
42.0833,-123.3333,green
42.08354,-73.47686,blue
42.08363,-71.83971,green
42.0837,-75.38025,orange
42.08845,-122.7465,orange
42.09091,-71.42092,red
42.09224,-123.4043,red
42.09785,-77.93121,blue
42.10072,-112.2149,red
42.10722,-94.01338,red
42.1174,-75.64853,orange
42.12302,-72.89154,orange
42.12363,-122.339,orange
42.125,-123.2916,red
42.12697,-70.97559,red
42.1295,-88.1577,orange
42.1533,-123.5381,red
42.1551,-88.2886,blue
42.15685,-96.34203,green
42.15947,-78.82683,orange
42.15965,-83.55718,red
42.16024,-123.6216,blue
42.16298,-123.6481,red
42.17291,-84.10373,orange
42.17577,-88.09506,green
42.17865,-70.75587,orange
42.1838,-88.30026,blue
42.1846,-89.022,orange
42.18476,-88.29926,orange
42.19,-86.36,red
42.20901,-84.53098,orange
42.21,-89.85,orange
42.21834,-114.2634,red
42.225,-85.6885,green
42.22501,-123.75,red
42.2356,-123.0137,orange
42.23576,-94.91264,red
42.2375,-83.67,red
42.23865,-121.9446,blue
42.24165,-123.6416,red
42.24542,-77.98756,blue
42.28045,-77.60525,green
42.28422,-91.68192,red
42.28445,-124.2148,orange
42.285,-83.59014,blue
42.30283,-72.53766,red
42.30472,-83.60472,red
42.3125,-84.7378,orange
42.323,-85.05965,orange
42.32359,-72.43863,green
42.32724,-76.75318,orange
42.32921,-75.3811,green
42.33473,-77.29253,orange
42.33531,-90.93558,orange
42.34607,-73.16418,orange
42.354,-123.4034,green
42.35635,-111.5212,red
42.36176,-75.0116,blue
42.36639,-83.86097,red
42.36945,-121.3866,blue
42.375,-123.3833,red
42.38553,-88.35001,blue
42.39031,-123.449,red
42.39472,-85.60028,green
42.4018,-124.426,blue
42.40489,-76.17366,blue
42.40611,-83.58,green
42.4104,-90.66615,orange
42.43235,-84.2915,orange
42.4356,-122.2328,orange
42.4637,-85.95915,red
42.47,-122.275,red
42.47356,-96.46025,orange
42.47806,-93.82007,orange
42.4829,-110.5979,orange
42.4914,-110.9967,green
42.50817,-96.40213,red
42.50969,-90.84215,orange
42.5149,-111.1241,orange
42.5149,-111.1241,orange
42.51519,-87.52243,red
42.51633,-91.96428,red
42.54334,-71.80123,red
42.54346,-77.36516,orange
42.55576,-96.47562,red
42.55997,-90.76557,red
42.56379,-74.8865,red
42.56805,-123.3322,orange
42.5893,-103.398,red
42.6,-122.475,red
42.6153,-77.4028,orange
42.63678,-73.16617,green
42.6425,-124.0255,orange
42.64809,-72.91994,red
42.6688,-71.9023,blue
42.6766,-94.20245,blue
42.67993,-77.29334,orange
42.68505,-84.04025,red
42.69657,-103.0044,orange
42.71425,-103.018,orange
42.72063,-94.22206,green
42.73854,-93.22192,orange
42.7396,-73.21289,red
42.75195,-81.52805,green
42.7525,-91.8043,orange
42.76609,-97.97573,orange
42.78378,-71.77646,green
42.79166,-116.25,green
42.82,-124.53,orange
42.82445,-90.24295,orange
42.86222,-72.60887,orange
42.86361,-86.16861,orange
42.86631,-87.84023,red
42.8673,-122.1629,red
42.8674,-94.356,orange
42.87331,-100.5501,orange
42.9074,-94.3841,orange
42.95915,-89.6816,orange
42.9633,-89.66375,orange
42.97569,-88.44846,red
42.9919,-108.9245,green
43.0,-124.43,orange
43.00499,-91.17154,orange
43.00972,-76.10047,red
43.05,-70.93333,red
43.06171,-90.1687,orange
43.0625,-89.3179,blue
43.078,-91.3867,red
43.08929,-122.0802,red
43.0949,-74.27923,blue
43.103,-86.075,red
43.1095,-84.9825,orange
43.11074,-71.35414,orange
43.13145,-90.2787,orange
43.13206,-74.47383,red
43.153,-85.5995,orange
43.1546,-75.73906,orange
43.1573,-90.7109,blue
43.1575,-88.1255,red
43.1635,-73.0723,red
43.16815,-123.4911,red
43.17215,-92.76577,orange
43.1786,-124.3688,red
43.19481,-92.15997,red
43.19501,-78.54224,orange
43.20335,-122.3759,orange
43.2045,-70.81187,blue
43.2073,-123.5585,red
43.21,-85.41,orange
43.21667,-88.31644,green
43.22,-85.68,orange
43.225,-123.175,orange
43.22649,-78.3253,green
43.2265,-78.1946,red
43.235,-85.34194,red
43.251,-88.3245,orange
43.2547,-124.0598,orange
43.265,-84.94099,red
43.26699,-88.29105,red
43.26806,-82.53083,red
43.26886,-78.28014,green
43.2696,-77.664,red
43.2725,-85.2515,red
43.27314,-76.89331,orange
43.27402,-123.9834,green
43.28556,-71.46778,blue
43.296,-122.5541,orange
43.3029,-123.1611,blue
43.30679,-74.15429,orange
43.31815,-122.1954,red
43.32,-73.81,red
43.32922,-92.06343,orange
43.34806,-78.23962,blue
43.35086,-73.34347,green
43.35851,-102.3971,orange
43.3622,-122.1814,red
43.37663,-99.1903,orange
43.38621,-84.88741,orange
43.39116,-82.53918,red
43.4082,-114.8281,red
43.40867,-122.8887,blue
43.41005,-111.7899,orange
43.41444,-83.18583,blue
43.41549,-72.33093,red
43.4245,-86.353,red
43.425,-88.68,orange
43.42645,-73.741,red
43.43623,-72.43684,green
43.4471,-101.7312,orange
43.45135,-85.12935,red
43.45844,-71.07906,orange
43.46181,-74.23166,red
43.4654,-72.7051,orange
43.47104,-95.12505,blue
43.48257,-121.9104,red
43.5251,-123.311,orange
43.5345,-86.29,red
43.54165,-123.875,orange
43.55,-86.325,orange
43.55915,-73.34116,red
43.56058,-73.40212,red
43.56211,-73.45947,orange
43.5705,-121.8955,orange
43.577,-85.293,green
43.5883,-122.0833,orange
43.59611,-84.42722,orange
43.5975,-84.66833,orange
43.60667,-85.27652,orange
43.61015,-111.4418,orange
43.61538,-123.5036,orange
43.6165,-122.1,orange
43.61833,-74.75611,green
43.64706,-75.57448,red
43.6583,-122.8042,red
43.66344,-73.56614,green
43.6676,-70.6235,blue
43.6678,-73.51238,green
43.674,-86.4565,red
43.6744,-123.2675,red
43.689,-86.376,red
43.69005,-122.3755,red
43.6947,-122.0449,orange
43.7151,-121.6347,red
43.71597,-115.3929,orange
43.7268,-73.52,red
43.74,-84.58583,orange
43.74251,-121.6009,red
43.7667,-123.455,red
43.7827,-123.9599,red
43.79615,-113.8441,red
43.79834,-84.2114,orange
43.80075,-92.36145,green
43.80075,-92.36145,orange
43.81495,-74.00528,red
43.83165,-84.41335,blue
43.85062,-122.7085,red
43.857,-85.30701,orange
43.85809,-89.81407,red
43.85975,-118.8215,red
43.8628,-121.8829,red
43.86739,-111.8617,red
43.87,-84.355,orange
43.8708,-89.18135,green
43.89418,-87.94178,orange
43.89875,-103.4966,orange
43.92736,-83.92834,orange
43.9311,-124.1214,blue
43.94111,-83.27139,red
43.94225,-121.3815,red
43.97603,-121.7828,red
43.98136,-121.4705,blue
43.98694,-91.33662,orange
44.0555,-112.9954,red
44.0559,-85.92196,red
44.05917,-122.9343,blue
44.0639,-120.2782,orange
44.091,-86.42896,orange
44.0925,-112.455,red
44.09462,-123.3724,red
44.12,-84.50999,blue
44.1263,-121.3338,green
44.1305,-85.2165,green
44.14555,-115.3106,red
44.14765,-114.9221,orange
44.15568,-121.9531,green
44.16966,-121.5014,orange
44.16985,-85.63835,orange
44.1708,-86.10335,blue
44.17335,-84.6,orange
44.1856,-73.8094,orange
44.19167,-123.975,red
44.2055,-83.95399,red
44.2157,-121.4755,green
44.21694,-103.7742,red
44.22388,-73.87529,red
44.22671,-86.10172,blue
44.23861,-122.0505,green
44.25028,-114.7503,orange
44.2548,-112.6467,orange
44.25533,-85.9222,green
44.26646,-74.14589,red
44.2725,-83.89001,green
44.27795,-121.9524,red
44.28265,-115.8714,red
44.29188,-84.72922,green
44.34035,-84.00156,green
44.34113,-70.61507,orange
44.35978,-115.8596,orange
44.36434,-84.05358,orange
44.377,-84.4995,orange
44.3801,-90.7221,blue
44.38367,-86.19037,orange
44.38611,-103.6183,red
44.39104,-118.9491,red
44.398,-84.4445,orange
44.4049,-91.3171,orange
44.40946,-122.1322,red
44.41131,-112.2873,orange
44.4165,-104.1665,orange
44.41666,-115.5833,orange
44.41775,-84.5914,orange
44.41835,-84.40335,orange
44.42315,-89.7793,blue
44.42565,-121.726,orange
44.42654,-83.37971,orange
44.4308,-89.7715,blue
44.4355,-84.7602,red
44.45584,-109.7935,orange
44.45835,-85.6667,orange
44.45853,-116.2853,orange
44.4625,-121.9683,red
44.4723,-90.7167,green
44.48134,-109.5113,red
44.4887,-85.93575,orange
44.48875,-83.88607,red
44.49427,-83.40396,orange
44.49817,-109.6429,red
44.49817,-109.6824,green
44.50132,-110.0042,red
44.50455,-123.5524,red
44.50587,-85.51546,orange
44.51436,-85.82096,red
44.525,-85.075,orange
44.5256,-84.06493,orange
44.53665,-84.16389,red
44.5385,-118.5908,red
44.55505,-123.3604,orange
44.56203,-83.45052,red
44.56215,-83.78585,orange
44.565,-83.845,orange
44.56625,-121.6384,green
44.58333,-110.5,orange
44.58335,-116.0834,blue
44.58335,-123.4166,red
44.59665,-84.0415,red
44.5976,-86.09081,orange
44.62,-83.62335,orange
44.62185,-75.58825,green
44.62801,-115.2019,red
44.62845,-85.86292,green
44.6335,-121.8165,red
44.6375,-83.51418,orange
44.64535,-85.77714,blue
44.64824,-115.6803,red
44.6543,-90.0411,green
44.6616,-122.8494,red
44.66399,-73.73606,blue
44.66666,-85.79052,red
44.66862,-116.1155,orange
44.6693,-123.2433,blue
44.68,-84.01165,green
44.68047,-83.61314,red
44.685,-85.433,orange
44.68557,-118.0891,orange
44.6908,-69.3614,orange
44.69867,-87.49564,green
44.699,-122.1874,red
44.7,-84.71,green
44.71466,-85.44922,blue
44.73109,-86.11156,red
44.75,-115.9167,red
44.75668,-92.03925,red
44.76,-84.12485,orange
44.76665,-85.00165,green
44.7679,-122.095,red
44.7751,-118.7717,red
44.78159,-68.2283,orange
44.79307,-122.5674,red
44.79969,-71.1794,orange
44.82167,-84.47611,red
44.825,-118.415,orange
44.83369,-85.72845,red
44.83931,-120.5688,blue
44.8458,-123.5834,orange
44.8464,-121.1537,orange
44.8491,-88.51969,red
44.85,-116.4,orange
44.8623,-122.2728,red
44.8633,-122.6397,red
44.86875,-123.4462,orange
44.915,-122.585,orange
44.9166,-116.4873,orange
44.91666,-116.0833,red
44.94835,-84.165,green
44.95023,-122.2347,red
44.95277,-116.0542,red
44.9625,-114.655,red
44.9633,-122.4,orange
44.96651,-123.7718,red
44.9723,-118.3692,orange
44.97487,-122.3057,blue
44.98276,-83.84937,red
44.99745,-122.1647,red
44.9979,-122.1631,red
45.0,-85.0,red
45.0018,-117.2022,red
45.02046,-87.73608,orange
45.02176,-88.5233,red
45.0255,-89.02036,red
45.0262,-106.8331,blue
45.03255,-122.4808,green
45.03575,-122.7789,red
45.04705,-70.99485,red
45.0487,-123.5792,red
45.04943,-68.63222,orange
45.05592,-87.63705,green
45.05855,-89.08323,blue
45.0608,-123.694,blue
45.06215,-123.7027,orange
45.0635,-83.9205,red
45.06881,-123.6956,orange
45.07072,-123.6664,red
45.08334,-115.75,orange
45.08334,-115.75,orange
45.0837,-122.4888,red
45.0902,-89.9905,red
45.1097,-92.4573,green
45.11259,-122.7875,orange
45.12266,-111.563,orange
45.12545,-122.533,red
45.1365,-83.5175,red
45.145,-123.972,red
45.14665,-111.0834,green
45.1475,-84.425,orange
45.15,-87.6779,red
45.1518,-122.1032,orange
45.16792,-115.8405,red
45.1836,-93.06226,blue
45.1867,-122.3803,red
45.2075,-121.886,red
45.22039,-84.21035,orange
45.22417,-111.125,red
45.22849,-89.67523,orange
45.24006,-121.6794,red
45.25725,-121.5684,orange
45.2704,-113.8186,orange
45.274,-121.6796,red
45.28074,-109.5528,red
45.31061,-121.8388,red
45.31278,-109.6449,red
45.31915,-84.30746,blue
45.3207,-121.9547,blue
45.32301,-121.7115,green
45.3233,-118.2742,red
45.33,-121.9165,red
45.33075,-85.23538,red
45.33175,-121.9139,blue
45.33418,-88.16359,orange
45.33935,-121.3226,red
45.351,-83.4885,red
45.35665,-84.605,red
45.3705,-112.9707,orange
45.3712,-118.5518,red
45.3725,-121.5835,orange
45.3865,-87.9604,orange
45.38736,-121.5134,blue
45.38867,-92.66538,red
45.3894,-122.4163,red
45.40023,-122.2777,red
45.4051,-121.424,red
45.40985,-83.85985,green
45.4237,-122.3876,red
45.43522,-88.12464,blue
45.43806,-118.0883,red
45.44986,-117.7273,red
45.45024,-118.3243,red
45.4549,-122.1761,red
45.46429,-123.0697,red
45.46571,-118.875,orange
45.4684,-122.2487,orange
45.48204,-122.9903,orange
45.48318,-118.83,orange
45.4861,-122.277,red
45.4915,-123.2665,orange
45.49805,-121.8214,red
45.5,-91.71295,orange
45.5,-118.42,red
45.5051,-89.16425,red
45.5145,-122.3352,orange
45.5258,-91.87774,red
45.54478,-121.5449,red
45.55364,-122.1884,blue
45.56326,-88.7829,red
45.5666,-121.7745,orange
45.5775,-121.6444,red
45.5789,-118.6016,blue
45.58858,-91.59938,red
45.5891,-123.5469,red
45.58982,-118.6131,blue
45.59669,-123.3768,orange
45.59864,-123.6113,red
45.61308,-123.3973,red
45.61331,-110.7897,green
45.62778,-122.0194,green
45.63061,-92.12408,orange
45.63092,-90.02283,red
45.63606,-123.3471,red
45.63893,-122.8889,orange
45.63921,-121.9883,red
45.63923,-121.8735,orange
45.64585,-88.0896,orange
45.64867,-88.03413,green
45.65125,-121.9123,red
45.6605,-118.5654,red
45.66194,-122.0144,blue
45.66721,-118.7056,blue
45.66722,-110.8069,red
45.672,-90.43515,red
45.6764,-118.5658,red
45.69,-122.3353,red
45.69347,-87.74364,blue
45.69833,-121.7753,green
45.70835,-123.625,red
45.723,-121.8864,red
45.7264,-89.8741,red
45.73271,-90.42001,red
45.7351,-123.466,red
45.74023,-87.09378,red
45.7457,-87.87157,red
45.74639,-122.2375,green
45.74715,-122.2339,orange
45.74796,-122.2389,green
45.7492,-122.9546,red
45.75056,-121.6508,green
45.75449,-123.866,red
45.75806,-121.2303,green
45.75957,-121.6267,blue
45.76569,-123.3601,orange
45.77225,-122.3445,green
45.7743,-90.51145,orange
45.775,-90.444,orange
45.776,-92.683,orange
45.7811,-122.5322,blue
45.78177,-90.51659,orange
45.78247,-87.326,orange
45.7922,-111.3637,red
45.8,-94.27725,blue
45.80191,-121.9223,red
45.80374,-118.0603,green
45.8083,-121.9063,red
45.81611,-121.5708,orange
45.82285,-114.0125,orange
45.82565,-123.296,orange
45.8331,-122.3985,red
45.83632,-121.921,orange
45.83675,-119.6389,green
45.8417,-121.7084,orange
45.84175,-117.991,orange
45.85606,-123.1691,red
45.8581,-122.4089,red
45.8618,-91.75641,orange
45.86883,-121.4813,orange
45.87116,-89.66046,orange
45.87165,-87.02158,orange
45.88039,-121.1692,orange
45.8911,-122.4076,blue
45.89259,-87.04828,orange
45.89832,-89.6965,red
45.90015,-90.43416,red
45.90052,-122.3898,red
45.91515,-84.87524,red
45.91665,-117.925,red
45.91694,-121.5825,blue
45.9216,-121.718,orange
45.93311,-87.05026,green
45.9358,-120.9855,red
45.93701,-123.5417,green
45.94,-90.46,blue
45.94002,-121.7582,red
45.941,-89.21035,red
45.95359,-88.38782,orange
45.9555,-89.7384,red
45.95602,-94.87069,green
45.95919,-91.30911,green
45.96112,-121.6314,red
45.96384,-121.6095,green
45.964,-86.1437,green
45.9642,-87.3289,orange
45.96578,-121.7576,red
45.9667,-121.6667,red
45.9754,-112.4554,red
45.9796,-86.0221,red
45.99215,-118.0811,green
45.99378,-123.9211,red
45.9957,-118.1253,red
45.9978,-116.9156,red
45.99935,-121.4821,green
46.01278,-86.81917,red
46.01398,-87.98718,red
46.01665,-121.6669,green
46.01793,-84.72002,green
46.01833,-110.3308,green
46.0189,-121.7476,red
46.02361,-92.88618,red
46.02962,-113.1198,orange
46.03193,-123.4573,red
46.03333,-117.9486,blue
46.03944,-118.0711,green
46.0471,-122.8294,red
46.04722,-122.1914,red
46.0484,-89.66195,orange
46.05,-121.95,blue
46.05229,-92.30575,red
46.05292,-112.571,blue
46.05333,-122.6228,orange
46.0573,-117.9793,orange
46.06195,-90.0545,red
46.06333,-122.1967,red
46.06728,-87.15701,green
46.0675,-118.0519,blue
46.0675,-118.0519,green
46.0722,-121.3055,red
46.0803,-121.7512,green
46.08392,-89.91314,orange
46.08515,-121.7064,red
46.09035,-121.9313,green
46.09045,-87.48289,orange
46.0969,-121.9191,orange
46.10294,-88.45181,orange
46.1036,-121.7944,orange
46.10444,-122.015,red
46.10445,-91.49319,red
46.10861,-122.1283,blue
46.11887,-122.1931,red
46.1333,-68.8405,orange
46.1333,-121.8,red
46.13657,-122.1692,orange
46.13795,-122.3291,red
46.14853,-121.5775,orange
46.15194,-122.1572,orange
46.159,-86.611,red
46.1675,-89.3381,orange
46.1725,-121.9305,orange
46.17861,-122.0514,orange
46.18694,-113.6925,orange
46.18968,-85.97613,orange
46.1903,-123.1175,red
46.1911,-123.1875,red
46.19183,-86.21193,red
46.19328,-167.131,red
46.19614,-141.006,orange
46.19945,-123.9513,red
46.20128,-122.9329,orange
46.21583,-121.9192,red
46.2262,-124.0133,blue
46.23361,-119.3172,green
46.24,-111.75,blue
46.2404,-115.2088,orange
46.24639,-120.8681,orange
46.25,-89.5,red
46.25961,-91.10812,red
46.27583,-122.2083,red
46.2803,-88.7751,orange
46.295,-121.5478,red
46.2965,-122.3431,orange
46.3018,-89.91997,red
46.30766,-113.1424,red
46.3105,-121.9256,red
46.3105,-122.028,blue
46.3126,-86.5228,red
46.31401,-124.0273,red
46.3261,-122.4988,green
46.32793,-122.4349,red
46.33333,-117.6767,red
46.3341,-121.7913,blue
46.33425,-123.5439,green
46.33448,-122.0504,blue
46.34445,-87.3459,blue
46.34575,-85.95865,blue
46.35099,-123.6886,blue
46.35503,-86.97,red
46.35639,-123.6081,orange
46.364,-122.5935,red
46.3666,-92.84309,green
46.37,-122.82,red
46.37165,-84.91665,red
46.3725,-92.83521,blue
46.3751,-122.1301,orange
46.3758,-122.5855,green
46.37944,-117.9458,orange
46.38448,-122.5572,orange
46.385,-122.1379,orange
46.39019,-122.0303,red
46.40153,-121.8738,red
46.4125,-122.182,green
46.4205,-123.8165,green
46.42085,-91.2421,orange
46.43362,-121.8326,red
46.44165,-122.3416,orange
46.46447,-121.5314,orange
46.47182,-87.42407,red
46.4722,-86.5367,red
46.47816,-121.9103,blue
46.48392,-111.2644,blue
46.48441,-121.936,orange
46.48508,-122.7372,green
46.48917,-117.9592,blue
46.49139,-122.9367,orange
46.49406,-122.5319,red
46.4984,-120.4474,red
46.50105,-122.8722,red
46.50385,-95.11484,red
46.50511,-122.9316,blue
46.50835,-123.0235,red
46.51122,-121.2719,blue
46.51479,-122.6361,green
46.52352,-122.3045,red
46.5244,-88.16701,red
46.52485,-121.2957,orange
46.5252,-113.5911,red
46.52545,-87.5034,blue
46.5256,-122.0252,orange
46.52889,-85.49639,blue
46.5347,-122.4275,orange
46.5347,-122.4275,orange
46.53686,-122.202,green
46.55139,-121.4625,orange
46.55354,-122.2842,orange
46.5579,-122.2988,red
46.55861,-122.2739,green
46.5602,-121.1458,orange
46.5672,-122.2963,orange
46.56725,-85.589,red
46.56913,-88.28403,orange
46.59632,-122.5308,blue
46.59692,-110.6268,blue
46.59847,-90.90444,orange
46.60207,-123.3749,orange
46.60424,-87.46171,orange
46.61183,-87.73236,red
46.621,-121.0638,orange
46.63153,-123.2349,red
46.63477,-122.7746,red
46.64191,-122.4607,red
46.6425,-91.1713,orange
46.64558,-121.2323,red
46.6622,-122.9627,green
46.6711,-121.5863,orange
46.67111,-121.5863,orange
46.67197,-94.80162,red
46.67389,-121.5867,orange
46.67816,-121.5763,orange
46.67915,-90.86665,green
46.68102,-121.6014,red
46.69303,-92.49979,orange
46.6979,-121.5094,orange
46.7002,-122.1983,red
46.71,-122.3442,orange
46.71103,-123.4013,green
46.71195,-85.38834,red
46.71444,-120.6694,red
46.71444,-121.5406,green
46.71833,-122.1767,green
46.7225,-121.6606,orange
46.73252,-94.68516,orange
46.73581,-121.3201,red
46.74551,-121.8221,red
46.74621,-122.0467,red
46.74778,-121.3603,red
46.75225,-122.0566,red
46.75468,-122.1183,red
46.75473,-116.4292,orange
46.75861,-122.0297,green
46.75889,-114.08,blue
46.75905,-115.8545,orange
46.75953,-122.0246,green
46.76389,-110.7781,green
46.76472,-111.8861,red
46.766,-122.1652,blue
46.77641,-121.9557,blue
46.78149,-93.81888,orange
46.7818,-123.8793,orange
46.78571,-122.7515,green
46.79165,-110.4165,red
46.79165,-110.4165,red
46.79955,-122.2738,green
46.803,-122.4133,red
46.803,-122.4133,red
46.803,-122.4133,orange
46.80505,-121.0909,orange
46.8102,-116.8368,red
46.81045,-124.072,orange
46.81398,-122.0571,orange
46.82167,-121.2764,red
46.82742,-123.7095,orange
46.83285,-112.702,red
46.8434,-123.2383,green
46.84565,-122.3076,red
46.84748,-122.2719,green
46.85,-121.25,red
46.85524,-121.3034,green
46.86044,-122.7043,blue
46.86113,-122.2669,orange
46.87111,-89.31389,red
46.87139,-121.2981,red
46.8733,-121.3051,red
46.878,-122.3574,orange
46.88234,-122.4331,red
46.92417,-92.83774,orange
46.92694,-124.1736,red
46.93333,-121.2692,blue
46.93335,-113.8334,red
46.9363,-122.7607,red
46.93755,-123.8358,orange
46.9382,-122.382,green
46.94,-115.586,orange
46.94102,-123.7727,blue
46.94445,-122.6893,red
46.94913,-122.6869,green
46.94917,-122.6869,red
46.951,-122.2985,red
46.958,-122.6755,red
46.96114,-124.1526,green
46.96189,-124.1692,red
46.96508,-114.0725,orange
46.96515,-122.69,green
46.9705,-123.6288,green
46.97441,-122.6317,green
46.97694,-113.8381,red
46.9782,-123.3893,red
46.97822,-116.923,blue
46.97944,-121.0939,orange
46.9805,-121.7464,red
46.98278,-123.1742,green
46.98333,-121.0922,orange
46.985,-122.7669,green
46.98578,-122.6997,orange
46.98621,-123.8161,red
46.988,-123.8647,blue
46.9974,-122.1694,orange
46.99857,-121.6321,red
47.00008,-121.9563,red
47.0019,-121.6279,orange
47.0033,-123.4822,red
47.0044,-122.5386,red
47.00444,-122.5386,blue
47.00625,-123.2902,green
47.01139,-123.6619,green
47.01278,-121.4642,red
47.01278,-121.4642,orange
47.01562,-122.0282,green
47.0183,-121.5344,red
47.02242,-116.0518,red
47.0228,-121.5497,orange
47.0274,-122.3003,orange
47.03189,-122.3677,orange
47.03222,-114.0906,red
47.0413,-124.053,blue
47.04333,-112.7031,red
47.04433,-121.4234,orange
47.0466,-121.51,green
47.05072,-122.4212,orange
47.05472,-121.8211,blue
47.0562,-124.0556,orange
47.0586,-122.2864,orange
47.06032,-114.0717,red
47.06045,-122.157,orange
47.0615,-116.322,orange
47.064,-122.3482,orange
47.0709,-124.166,orange
47.07405,-122.4428,green
47.07444,-111.9625,blue
47.07954,-112.5649,orange
47.0849,-122.5926,blue
47.08824,-123.7194,red
47.0945,-122.0874,green
47.0958,-122.2356,red
47.09685,-121.45,red
47.09762,-122.5368,blue
47.09982,-122.6246,red
47.10637,-122.5958,orange
47.1144,-121.4844,green
47.12015,-123.0865,blue
47.12045,-121.5298,green
47.12806,-111.9094,red
47.1305,-123.0966,red
47.13485,-121.9418,red
47.1352,-122.0669,orange
47.14385,-122.3055,green
47.14472,-120.7967,blue
47.147,-122.6028,green
47.15556,-122.4328,green
47.1589,-94.83755,red
47.1608,-121.6594,green
47.16145,-121.8943,green
47.172,-122.1625,green
47.17295,-122.2214,red
47.1772,-122.1852,orange
47.17833,-111.9744,green
47.1787,-122.2484,red
47.1826,-121.7713,green
47.18556,-122.2917,green
47.1862,-122.1054,orange
47.18806,-120.554,orange
47.19006,-124.199,green
47.1902,-120.9783,green
47.19253,-116.0776,red
47.19944,-120.2758,blue
47.1998,-121.7565,orange
47.20113,-121.0161,blue
47.2055,-123.3958,orange
47.21551,-120.9383,red
47.2255,-121.805,orange
47.2293,-123.4898,orange
47.23194,-122.885,red
47.232,-88.16361,orange
47.2331,-123.9878,red
47.23444,-115.6292,red
47.23455,-116.7369,red
47.2416,-122.1833,orange
47.2475,-123.8886,orange
47.25335,-114.45,blue
47.25722,-120.8908,red
47.2637,-120.2238,green
47.2641,-123.1583,red
47.27147,-93.02428,red
47.275,-122.195,green
47.27667,-122.8858,orange
47.28069,-122.8833,orange
47.2831,-121.9258,orange
47.2838,-124.2306,red
47.2842,-121.0777,red
47.28435,-122.8665,green
47.288,-121.9658,green
47.29435,-123.1267,orange
47.29833,-120.3,red
47.29944,-122.1806,green
47.31732,-93.28008,red
47.3178,-121.2802,orange
47.323,-93.9137,red
47.32944,-122.5789,red
47.3304,-94.1211,red
47.3338,-121.2309,red
47.33515,-121.4044,red
47.33694,-123.5894,orange
47.34072,-122.0775,green
47.34432,-120.9477,orange
47.34805,-122.741,orange
47.35305,-120.2955,blue
47.3542,-123.2334,green
47.3631,-123.9718,red
47.3704,-122.782,blue
47.3724,-122.5819,blue
47.39,-122.2187,blue
47.3958,-121.5356,green
47.396,-123.1976,orange
47.3978,-123.2008,orange
47.3991,-121.1008,green
47.39974,-94.41713,red
47.40245,-121.5633,red
47.4028,-123.2022,red
47.40667,-122.0375,red
47.41,-121.725,red
47.41184,-123.3212,green
47.41306,-123.8792,red
47.41704,-121.1417,green
47.41995,-123.2005,red
47.425,-121.4142,blue
47.425,-121.4317,red
47.4259,-123.8763,red
47.4284,-92.01759,orange
47.4317,-121.7731,red
47.4352,-121.7812,orange
47.43534,-121.7666,red
47.43842,-94.98708,green
47.43904,-115.6545,green
47.44,-123.7635,orange
47.4506,-122.3234,red
47.45411,-122.3219,blue
47.4549,-122.2825,green
47.46312,-121.4454,red
47.4644,-120.6705,green
47.4645,-123.8979,red
47.46872,-123.2259,red
47.47025,-92.75357,orange
47.47745,-121.0415,red
47.48176,-121.6548,blue
47.4822,-120.319,orange
47.48271,-95.05023,red
47.485,-121.5287,red
47.4914,-94.57375,orange
47.49367,-123.8859,orange
47.49488,-121.7555,orange
47.495,-120.835,red
47.49753,-93.61481,orange
47.49865,-123.2182,orange
47.5,-93.0,red
47.50319,-123.8343,red
47.509,-115.9965,red
47.5103,-122.0456,red
47.51591,-92.6349,orange
47.5225,-121.7569,red
47.52413,-94.88525,blue
47.52522,-93.25262,orange
47.5279,-122.3454,red
47.52877,-122.7197,red
47.5405,-115.947,orange
47.5505,-117.167,orange
47.5532,-124.3324,orange
47.55477,-121.5354,red
47.5616,-123.1967,red
47.57132,-123.1586,red
47.5754,-92.53,green
47.57549,-144.0265,orange
47.57576,-121.7427,orange
47.57778,-124.2933,green
47.5958,-123.1208,red
47.6016,-121.6785,green
47.60413,-113.7593,orange
47.6068,-121.9008,red
47.6181,-121.3114,red
47.61893,-116.2617,red
47.61922,-123.1592,orange
47.61947,-116.9945,red
47.62167,-115.3903,green
47.62769,-117.3606,red
47.63297,-102.7291,blue
47.64581,-120.607,green
47.65885,-93.75745,blue
47.6597,-122.105,orange
47.6633,-122.1253,green
47.6653,-122.9714,blue
47.66724,-108.6873,blue
47.67304,-122.941,red
47.6835,-116.211,red
47.70178,-121.1859,red
47.70667,-104.1922,blue
47.7079,-122.9179,orange
47.70965,-116.9266,blue
47.71167,-121.1544,red
47.7117,-121.1544,green
47.71188,-101.8886,red
47.71782,-123.0533,red
47.72142,-124.3985,orange
47.72298,-120.7219,blue
47.72964,-102.701,blue
47.73081,-117.159,blue
47.7393,-121.9749,green
47.74207,-117.5302,blue
47.74225,-122.5377,orange
47.7442,-122.8994,green
47.74435,-120.7426,blue
47.74897,-122.4966,red
47.75026,-117.5152,red
47.75034,-122.1979,orange
47.7504,-122.535,orange
47.7613,-122.7063,red
47.763,-122.5344,red
47.76524,-94.07877,green
47.77293,-122.5552,blue
47.775,-120.715,red
47.77559,-120.8206,orange
47.78212,-122.528,red
47.7853,-121.6647,blue
47.79,-122.54,orange
47.79111,-122.1914,green
47.79222,-121.1958,red
47.7925,-122.1676,red
47.79538,-120.6295,green
47.82243,-124.195,blue
47.82636,-121.1057,orange
47.8306,-123.2135,green
47.8323,-120.718,red
47.83334,-92.92708,green
47.83843,-120.55,red
47.8465,-122.1357,red
47.8498,-120.9591,red
47.85001,-116.6079,orange
47.85556,-121.9697,red
47.85691,-120.6502,red
47.8573,-121.6352,green
47.86028,-123.9364,green
47.86405,-121.6738,blue
47.86697,-123.8796,red
47.8764,-95.0168,blue
47.87725,-121.8943,blue
47.87965,-91.97748,orange
47.8895,-121.8134,red
47.8901,-121.3676,red
47.8925,-122.0111,green
47.89745,-122.8345,red
47.90079,-121.6692,green
47.9093,-118.9505,red
47.9237,-122.8531,orange
47.92528,-117.1153,blue
47.9261,-123.3769,orange
47.93722,-123.82,orange
47.94001,-124.3863,orange
47.94056,-122.7919,green
47.94485,-123.5436,blue
47.9477,-124.5301,orange
47.95614,-116.7787,red
47.96136,-118.1611,red
47.969,-123.582,green
47.96905,-116.5499,green
47.97205,-121.4008,green
47.97637,-117.7324,orange
47.981,-117.6454,orange
47.9817,-122.0447,orange
47.98521,-113.9818,green
48.0028,-121.9572,orange
48.00503,-122.911,orange
48.02073,-121.3552,orange
48.02611,-121.6406,red
48.0281,-123.5864,orange
48.03062,-117.5429,red
48.03114,-121.6708,red
48.03278,-105.8642,orange
48.03632,-122.9539,green
48.04725,-121.4469,red
48.05305,-121.429,red
48.0607,-90.58915,blue
48.0744,-121.7915,red
48.07834,-121.7363,orange
48.08025,-123.7108,orange
48.0835,-121.9683,orange
48.08955,-123.3678,orange
48.09725,-122.8241,red
48.0985,-123.3261,red
48.09853,-121.8135,green
48.10255,-122.2763,green
48.105,-121.905,blue
48.10892,-121.5186,red
48.11308,-122.1375,blue
48.1143,-116.0558,orange
48.11509,-121.9677,green
48.11556,-122.0958,orange
48.11949,-124.5989,red
48.1278,-121.7692,blue
48.13025,-121.851,red
48.1316,-92.296,red
48.13261,-121.3539,green
48.1368,-123.7349,orange
48.13826,-92.2895,orange
48.1472,-121.3819,orange
48.15585,-116.1842,blue
48.15997,-118.0387,red
48.1609,-124.7312,red
48.17107,-122.5089,blue
48.1784,-92.12065,green
48.1864,-122.2612,red
48.18676,-118.0076,orange
48.1917,-121.5757,red
48.1964,-116.99,blue
48.19923,-120.7772,red
48.19984,-120.7744,red
48.21095,-122.0262,orange
48.21167,-121.6769,green
48.22336,-121.5777,orange
48.22407,-116.8768,green
48.247,-122.6916,orange
48.2475,-121.9425,orange
48.25206,-116.0969,blue
48.25422,-101.3166,green
48.255,-116.1475,red
48.2681,-121.3314,green
48.2688,-121.705,green
48.27011,-115.6418,red
48.27646,-124.6802,red
48.27656,-122.2138,orange
48.2775,-121.8078,orange
48.2914,-117.4546,orange
48.308,-122.215,red
48.31199,-120.6599,red
48.32675,-121.6962,orange
48.32956,-119.187,red
48.32956,-119.187,red
48.33,-116.71,orange
48.35552,-121.8668,green
48.36139,-113.1236,orange
48.36361,-120.1211,blue
48.36624,-117.9368,orange
48.36861,-122.2778,red
48.37697,-121.8281,red
48.3912,-119.7595,orange
48.39936,-122.645,orange
48.40611,-118.9844,orange
48.40859,-119.0709,orange
48.43505,-121.3455,red
48.43676,-116.9137,orange
48.44425,-119.9417,orange
48.45359,-116.6339,orange
48.45809,-120.1611,orange
48.45809,-120.1611,orange
48.48157,-122.1845,green
48.49398,-117.0579,orange
48.49805,-116.4171,orange
48.50999,-120.793,red
48.5149,-121.2543,orange
48.51673,-118.5905,orange
48.52395,-121.4105,red
48.52579,-96.28425,orange
48.53944,-121.745,red
48.56245,-121.8588,red
48.57028,-119.8345,red
48.57806,-119.6985,green
48.57989,-117.5888,orange
48.58177,-120.8032,orange
48.59694,-120.5122,orange
48.60844,-118.4379,orange
48.61972,-120.1075,blue
48.6254,-118.4262,orange
48.6334,-116.934,orange
48.64056,-121.8053,green
48.64185,-120.502,red
48.64385,-119.182,green
48.65083,-117.3347,orange
48.65397,-117.3349,blue
48.65528,-117.7619,red
48.6584,-119.8428,red
48.66175,-121.3685,red
48.66611,-117.4694,red
48.68,-113.82,red
48.68985,-122.4078,red
48.71545,-119.0802,orange
48.72917,-121.6278,red
48.73665,-116.8596,orange
48.74111,-117.4161,green
48.74915,-116.8415,orange
48.75528,-117.4214,orange
48.75694,-116.7338,red
48.76075,-122.2156,red
48.78056,-122.1483,red
48.78336,-122.2196,red
48.78389,-117.8106,red
48.7844,-118.5545,green
48.79056,-117.2833,green
48.80483,-117.5853,orange
48.8178,-122.1656,red
48.83558,-117.2776,red
48.84984,-122.1455,red
48.8572,-96.0073,green
48.86,-121.6738,orange
48.86479,-117.3672,red
48.90147,-122.3347,blue
48.9058,-121.6967,red
48.9138,-119.7023,red
48.92928,-122.2638,red
48.9294,-122.0247,orange
48.92982,-122.2018,red
48.93221,-118.609,orange
48.93228,-121.9995,orange
48.94655,-119.5423,orange
48.95835,-119.7084,green
48.95876,-118.4102,red
48.9588,-119.7085,green
48.9651,-120.5949,orange
55.1872,-132.7982,green
55.2035,-132.8202,blue
55.4555,-132.7333,green
57.7566,-155.981,red
61.0595,-149.7853,blue
61.09085,-149.7667,blue
61.5,-142.9,red
62.77335,-141.3165,green
62.9375,-141.5667,red
63.98869,-142.7691,orange
64.89139,-147.8142,red
