Atr1,Atr2,Atr3,Atr4,Atr5,Atr6,Atr7,Atr8,Atr9,Atr10,Atr11,Atr12,Atr13,Atr14,Atr15,Atr16,Atr17,Atr18,Atr19,Atr20,Atr21,Atr22,Atr23,Atr24,Atr25,Atr26,Atr27,Atr28,Atr29,Atr30,Atr31,Atr32,Atr33,Atr34,Atr35,Atr36,Atr37,Atr38,Atr39,Atr40,Atr41,Atr42,Atr43,Atr44,Atr45,Atr46,Atr47,Atr48,Atr49,Atr50,Atr51,Atr52,Atr53,Atr54,Class,Positive Sum,Negative Sum,Intercept,Positive Scale,Negative Scale
2,2,4,1,0,0,0,0,0,0,1,0,1,1,0,1,0,0,0,1,0,0,0,0,0,0,0,0,0,1,1,2,1,2,0,1,2,1,3,3,2,1,1,2,3,2,1,3,3,3,2,3,2,1,1,15,44,1,0.5,1.83333333333
4,4,4,4,4,0,0,4,4,4,4,3,4,0,4,4,4,4,3,2,1,1,0,2,2,1,2,0,1,1,0,4,2,3,0,2,3,4,2,4,2,2,3,4,2,2,2,3,4,4,4,4,2,2,1,75,62,1,2.5,2.58333333333
2,2,2,2,1,3,2,1,1,2,3,4,2,3,3,3,3,3,3,2,1,0,1,2,2,2,2,2,3,2,3,3,1,1,1,1,2,1,3,3,3,3,2,3,2,3,2,3,1,1,1,2,2,2,1,64,47,1,2.13333333333,1.95833333333
3,2,3,2,3,3,3,3,3,3,4,3,3,4,3,3,3,3,3,4,1,1,1,1,2,1,1,1,1,3,2,3,2,2,1,1,3,3,4,4,2,2,3,2,3,2,2,3,3,3,3,2,2,2,1,74,57,1,2.46666666667,2.375
2,2,1,1,1,1,0,0,0,0,0,1,0,1,1,1,1,1,2,1,1,0,0,0,0,2,1,2,1,1,1,1,1,1,0,0,0,0,2,1,0,2,3,0,2,2,1,2,3,2,2,2,1,0,1,25,29,1,0.833333333333,1.20833333333
0,0,1,0,0,2,0,0,0,1,0,2,1,0,2,0,2,1,0,1,0,0,0,0,2,2,0,0,0,0,4,1,1,1,1,1,1,2,0,2,2,1,2,3,0,2,2,1,2,1,1,1,2,0,1,17,34,1,0.566666666667,1.41666666667
3,3,3,2,1,3,4,3,2,2,2,2,2,3,2,3,3,3,3,2,3,3,3,3,2,3,3,2,2,2,1,2,2,1,1,2,3,2,2,3,3,3,3,4,3,3,2,3,2,3,3,2,2,2,1,77,55,1,2.56666666667,2.29166666667
2,1,2,2,2,1,0,3,3,2,4,3,2,3,4,3,2,3,2,1,2,1,1,2,3,3,2,2,2,3,1,1,0,2,2,1,4,4,4,4,4,4,3,2,0,0,1,2,2,2,1,1,1,0,1,66,46,1,2.2,1.91666666667
2,2,1,0,0,4,1,3,3,3,3,3,3,3,3,3,3,3,3,3,2,2,2,3,2,3,2,3,2,3,1,1,1,1,1,1,1,2,2,2,2,2,2,2,2,1,1,1,1,1,1,1,1,1,1,73,31,1,2.43333333333,1.29166666667
1,1,1,1,1,2,0,2,2,2,3,0,0,2,1,0,1,2,1,0,0,0,0,1,1,1,1,1,1,1,1,1,0,1,0,0,1,1,2,2,1,2,3,2,2,2,0,2,2,2,2,4,3,3,1,30,36,1,1.0,1.5
4,4,4,3,4,0,0,4,4,3,4,4,4,4,4,3,4,4,4,4,4,3,4,4,4,4,4,3,4,4,4,4,4,4,4,4,4,4,4,4,4,4,4,4,4,4,4,4,4,4,4,4,4,4,1,107,92,1,3.56666666667,3.83333333333
4,4,4,3,4,0,0,4,4,3,4,4,4,4,4,3,4,4,4,4,4,3,4,4,4,4,4,3,4,4,4,4,4,4,4,4,4,4,4,4,4,4,4,4,4,4,4,4,4,4,4,4,4,4,1,107,92,1,3.56666666667,3.83333333333
3,4,3,4,3,0,1,4,3,4,3,4,3,4,3,4,3,4,3,4,3,4,3,4,3,4,3,4,3,4,4,4,4,4,4,4,4,4,4,4,4,4,4,4,4,4,4,4,4,4,4,4,4,4,1,99,92,1,3.3,3.83333333333
3,4,3,4,3,0,1,4,3,4,3,4,3,4,3,4,3,4,3,4,3,4,3,4,3,4,3,4,3,4,4,4,4,4,4,4,4,4,4,4,4,4,4,4,4,4,4,4,4,4,4,4,4,4,1,99,92,1,3.3,3.83333333333
3,4,3,4,3,0,1,4,3,4,3,4,3,4,3,4,3,4,3,4,3,4,3,4,3,4,3,4,3,4,4,4,4,4,4,4,4,4,4,4,4,4,4,3,4,4,4,4,4,4,4,4,4,4,1,99,91,1,3.3,3.79166666667
4,4,3,2,4,0,0,4,3,2,4,4,4,4,3,2,4,4,4,4,3,2,4,4,4,4,3,2,4,4,4,4,4,4,4,4,4,4,4,4,4,4,4,4,4,4,4,4,4,4,4,4,4,4,1,97,92,1,3.23333333333,3.83333333333
4,4,3,2,4,0,0,4,3,2,4,4,4,4,3,2,4,4,4,4,3,2,4,4,4,4,3,2,4,4,4,4,4,4,4,4,4,4,4,4,4,4,4,4,4,4,4,4,4,4,4,4,4,4,1,97,92,1,3.23333333333,3.83333333333
4,4,4,3,4,0,0,4,4,3,4,4,4,4,4,3,4,4,4,4,4,3,4,4,4,4,4,3,4,4,4,3,4,3,4,3,4,3,4,3,4,3,4,3,4,3,4,3,4,4,3,4,3,4,1,107,81,1,3.56666666667,3.375
3,3,4,4,3,1,1,3,4,4,3,3,3,3,4,4,3,3,3,3,4,4,3,3,3,3,4,4,3,3,4,4,4,4,4,4,4,4,4,4,4,4,4,4,4,4,4,4,4,4,4,4,4,4,1,96,92,1,3.2,3.83333333333
4,4,4,3,4,0,0,4,4,3,4,4,4,4,4,3,4,4,4,4,4,3,4,4,4,4,4,3,4,4,4,3,4,3,4,3,4,3,4,3,4,3,4,3,4,3,4,3,4,4,3,4,3,4,1,107,81,1,3.56666666667,3.375
4,3,3,3,4,1,0,3,3,3,4,3,4,3,3,3,4,3,4,3,3,3,4,3,4,3,3,3,4,3,4,4,4,4,4,4,4,4,4,4,4,4,4,4,4,4,4,4,4,4,4,4,4,4,1,94,92,1,3.13333333333,3.83333333333
4,3,3,3,4,1,0,3,3,3,4,3,4,3,3,3,4,3,4,3,3,3,4,3,4,3,3,3,4,3,4,4,4,4,4,4,4,4,4,4,4,4,4,4,4,4,4,4,4,4,4,4,4,4,1,94,92,1,3.13333333333,3.83333333333
3,4,4,4,3,0,1,4,4,4,3,4,3,4,4,4,3,4,3,4,4,4,3,4,3,4,4,4,3,4,4,3,4,3,4,3,4,3,4,3,4,3,4,3,3,3,4,3,4,4,3,4,3,4,1,104,80,1,3.46666666667,3.33333333333
3,3,3,4,3,1,1,3,3,4,3,3,3,3,3,4,3,3,3,3,3,4,3,3,3,3,3,4,3,3,4,4,4,4,4,4,4,4,4,4,4,4,4,4,4,4,4,4,4,4,4,4,4,4,1,91,92,1,3.03333333333,3.83333333333
4,2,3,4,4,2,0,2,3,4,4,2,4,2,3,4,4,2,4,2,3,4,4,2,4,2,3,4,4,2,4,4,4,4,4,4,4,4,4,4,4,4,4,4,4,4,4,4,4,4,4,4,4,4,1,91,92,1,3.03333333333,3.83333333333
3,3,3,4,3,1,1,3,3,4,3,3,3,3,3,4,3,3,3,3,3,4,3,3,3,3,3,4,3,3,4,4,4,4,4,4,4,4,4,4,4,4,4,4,4,4,4,4,4,4,4,4,4,4,1,91,92,1,3.03333333333,3.83333333333
3,3,4,3,3,1,1,3,4,3,3,3,3,3,4,3,3,3,3,3,4,3,3,3,3,3,4,3,3,3,4,4,4,4,4,4,4,4,4,4,4,4,4,4,3,4,4,4,4,4,4,4,4,4,1,91,91,1,3.03333333333,3.79166666667
3,3,3,4,3,1,1,3,3,4,3,3,3,3,3,4,3,3,3,3,3,4,3,3,3,3,3,4,3,3,4,4,4,4,4,4,4,4,4,4,4,4,4,4,3,4,4,4,4,4,4,4,4,4,1,91,91,1,3.03333333333,3.79166666667
3,4,3,2,3,0,1,4,3,2,3,4,3,4,3,2,3,4,3,4,3,2,3,4,3,4,3,2,3,4,4,4,4,4,4,4,4,4,4,4,4,4,4,4,4,4,4,4,4,4,4,4,4,4,1,89,92,1,2.96666666667,3.83333333333
4,3,3,2,4,1,0,3,3,2,4,3,4,3,3,2,4,3,4,3,3,2,4,3,4,3,3,2,4,3,4,4,4,4,4,4,4,4,4,4,4,4,4,4,4,4,4,4,4,4,4,4,4,4,1,89,92,1,2.96666666667,3.83333333333
3,4,3,2,3,0,1,4,3,2,3,4,3,4,3,2,3,4,3,4,3,2,3,4,3,4,3,2,3,4,4,4,4,4,4,4,4,4,4,4,4,4,4,4,4,4,4,4,4,4,4,4,4,4,1,89,92,1,2.96666666667,3.83333333333
4,3,4,3,4,1,0,3,4,3,4,3,4,3,4,3,4,3,4,3,4,3,4,3,4,3,4,3,4,3,4,3,4,3,4,3,4,3,4,3,4,3,4,3,4,3,4,3,4,4,3,4,3,4,1,99,81,1,3.3,3.375
4,3,3,4,4,1,0,3,3,4,4,3,4,3,3,4,4,3,4,3,3,4,4,3,4,3,3,4,4,3,4,3,4,3,4,3,4,3,4,3,4,3,4,3,4,3,4,3,4,4,3,4,3,4,1,99,81,1,3.3,3.375
3,4,2,3,3,0,1,4,2,3,3,4,3,4,2,3,3,4,3,4,2,3,3,4,3,4,2,3,3,4,4,4,4,4,4,4,4,4,4,4,4,4,4,4,3,4,4,4,4,4,4,4,4,4,1,89,91,1,2.96666666667,3.79166666667
3,4,4,3,3,0,1,4,4,3,3,4,3,4,4,3,3,4,3,4,4,3,3,4,3,4,4,3,3,4,4,3,4,3,4,3,4,3,4,3,4,3,4,3,4,3,4,3,4,4,3,4,3,4,1,99,81,1,3.3,3.375
3,3,3,3,3,1,1,3,3,3,3,3,3,3,3,3,3,3,3,3,3,3,3,3,3,3,3,3,3,3,4,4,4,4,4,4,4,4,4,4,4,4,4,4,4,4,4,4,4,4,4,4,4,4,1,86,92,1,2.86666666667,3.83333333333
4,3,3,3,4,1,0,3,3,3,4,3,4,3,3,3,4,3,4,3,3,3,4,3,4,3,3,3,4,3,4,3,4,3,4,3,4,4,3,4,4,4,4,3,4,4,3,4,4,3,3,4,4,3,1,94,84,1,3.13333333333,3.5
3,3,2,3,3,1,1,3,3,3,4,3,3,3,3,3,3,3,4,3,3,3,3,4,3,3,2,4,3,4,4,4,4,4,4,4,4,4,4,4,4,3,4,3,3,3,4,4,4,4,3,3,4,4,1,89,86,1,2.96666666667,3.58333333333
3,3,2,3,3,1,1,3,3,3,4,3,3,3,3,3,3,3,4,3,3,3,3,4,3,3,2,4,3,4,4,4,4,4,4,4,4,4,4,4,4,3,4,3,3,3,4,4,4,4,3,3,4,4,1,89,86,1,2.96666666667,3.58333333333
4,3,3,3,4,1,0,3,3,3,4,3,4,3,3,3,4,3,4,3,3,3,4,3,4,3,3,3,4,3,4,3,4,3,4,3,4,3,4,3,4,3,4,3,4,3,4,3,4,4,3,4,3,4,1,94,81,1,3.13333333333,3.375
3,2,3,4,3,2,1,2,3,4,3,2,3,2,3,4,3,2,3,2,3,4,3,2,3,2,3,4,3,2,4,4,4,4,4,4,4,4,4,4,4,4,4,4,3,4,4,4,4,4,4,4,4,4,1,83,91,1,2.76666666667,3.79166666667
4,2,3,2,4,2,0,2,3,2,4,2,4,2,3,2,4,2,4,2,3,2,4,2,4,2,3,2,4,2,4,4,4,4,4,4,4,4,4,4,4,4,4,4,4,4,4,4,4,4,4,4,4,4,1,81,92,1,2.7,3.83333333333
3,4,3,3,3,0,1,4,3,3,3,4,3,4,3,3,3,4,3,4,3,3,3,4,3,4,3,3,3,4,3,4,3,4,3,4,3,4,3,4,3,4,3,4,3,4,3,4,3,3,4,3,4,3,1,94,80,1,3.13333333333,3.33333333333
3,3,3,2,3,1,1,3,3,2,3,3,3,3,3,2,3,3,3,3,3,2,3,3,3,3,3,2,3,3,4,4,4,4,4,4,4,4,4,4,4,4,4,4,4,4,4,4,4,4,4,4,4,4,1,81,92,1,2.7,3.83333333333
4,2,3,2,4,2,0,2,3,2,4,2,4,2,3,2,4,2,4,2,3,2,4,2,4,2,3,2,4,2,4,4,4,4,4,4,4,4,4,4,4,4,4,4,4,4,4,4,4,4,4,4,4,4,1,81,92,1,2.7,3.83333333333
3,3,2,3,3,1,1,3,2,3,3,3,3,3,2,3,3,3,3,3,2,3,3,3,3,3,2,3,3,3,4,4,4,4,4,4,4,4,4,4,4,4,4,4,4,4,4,4,4,4,4,4,4,4,1,81,92,1,2.7,3.83333333333
3,3,3,2,3,1,1,3,3,2,3,3,3,3,3,2,3,3,3,3,3,2,3,3,3,3,3,2,3,3,4,4,4,4,4,4,4,4,4,4,4,4,4,4,4,4,4,4,4,4,4,4,4,4,1,81,92,1,2.7,3.83333333333
3,3,2,3,3,1,1,3,2,3,3,3,3,3,2,3,3,3,3,3,2,3,3,3,3,3,2,3,3,3,4,4,4,4,4,4,4,4,4,4,4,4,4,4,4,4,4,4,4,4,4,4,4,4,1,81,92,1,2.7,3.83333333333
4,2,3,2,4,2,0,2,3,2,4,2,4,2,3,2,4,2,4,2,3,2,4,2,4,2,3,2,4,2,4,4,4,4,4,4,4,4,4,4,4,4,4,4,4,4,4,4,4,4,4,4,4,4,1,81,92,1,2.7,3.83333333333
3,3,3,2,3,1,1,3,3,2,3,3,3,3,3,2,3,3,3,3,3,2,3,3,3,3,3,2,3,3,4,4,4,4,4,4,4,4,4,4,4,4,4,4,4,4,4,4,4,4,4,4,4,4,1,81,92,1,2.7,3.83333333333
4,2,3,2,4,2,0,2,3,2,4,2,4,2,3,2,4,2,4,2,3,2,4,2,4,2,3,2,4,2,4,4,4,4,4,4,4,4,4,4,4,4,4,4,4,4,4,4,4,4,4,4,4,4,1,81,92,1,2.7,3.83333333333
3,3,3,2,3,1,1,3,3,2,3,3,3,3,3,2,3,3,3,3,3,2,3,3,3,3,3,2,3,3,4,4,4,4,4,4,4,4,4,4,4,4,4,4,3,4,4,4,4,4,4,4,4,4,1,81,91,1,2.7,3.79166666667
4,3,2,3,4,1,0,3,2,3,4,3,4,3,2,3,4,3,4,3,2,3,4,3,4,3,2,3,4,3,4,3,4,3,4,3,4,3,4,3,4,3,4,3,4,3,4,3,4,4,3,4,3,4,1,89,81,1,2.96666666667,3.375
3,3,3,4,3,1,1,3,3,4,3,3,3,3,3,4,3,3,3,3,3,4,3,3,3,3,3,4,3,3,3,4,3,4,3,4,3,4,3,4,3,4,3,4,3,4,3,4,3,3,4,3,4,3,1,91,80,1,3.03333333333,3.33333333333
4,3,3,2,4,1,0,3,3,2,4,3,4,3,3,2,4,3,4,3,3,2,4,3,4,3,3,2,4,3,4,3,4,3,4,3,4,3,4,3,4,3,4,3,3,3,4,3,4,4,3,4,3,4,1,89,80,1,2.96666666667,3.33333333333
4,3,2,3,4,1,0,3,2,3,4,3,4,3,2,3,4,3,4,3,2,3,4,3,4,3,2,3,4,3,3,4,3,4,3,4,3,4,3,4,3,4,3,4,3,4,3,4,3,3,4,3,4,3,1,89,80,1,2.96666666667,3.33333333333
3,4,3,4,3,0,1,4,3,4,3,4,3,4,3,4,3,4,3,4,3,4,3,4,3,4,3,4,3,4,3,3,3,3,3,3,3,3,3,3,3,3,3,3,3,3,3,3,3,3,3,3,3,3,1,99,69,1,3.3,2.875
3,4,3,4,3,0,1,4,3,4,3,4,3,4,3,4,3,4,3,4,3,4,3,4,3,4,3,4,3,4,3,3,3,3,3,3,3,3,3,3,3,3,3,3,3,3,3,3,3,3,3,3,3,3,1,99,69,1,3.3,2.875
3,3,3,3,3,1,1,3,3,3,3,3,3,3,3,3,3,3,3,3,3,3,3,3,3,3,3,3,3,3,4,3,4,3,4,3,4,3,4,3,4,3,4,3,4,3,4,3,4,4,3,4,3,4,1,86,81,1,2.86666666667,3.375
3,2,3,2,3,2,1,2,3,2,3,2,3,2,3,2,3,2,3,2,3,2,3,2,3,2,3,2,3,2,4,4,4,4,4,4,4,4,4,4,4,4,4,4,4,4,4,4,4,4,4,4,4,4,1,73,92,1,2.43333333333,3.83333333333
3,2,3,2,3,2,1,2,3,2,3,2,3,2,3,2,3,2,3,2,3,2,3,2,3,2,3,2,3,2,4,4,4,4,4,4,4,4,4,4,4,4,4,4,4,4,4,4,4,4,4,4,4,4,1,73,92,1,2.43333333333,3.83333333333
3,2,2,3,3,2,1,2,2,3,3,2,3,2,2,3,3,2,3,2,2,3,3,2,3,2,2,3,3,2,4,4,4,4,4,4,4,4,4,4,4,4,4,4,4,4,4,4,4,4,4,4,4,4,1,73,92,1,2.43333333333,3.83333333333
3,2,3,2,3,2,1,2,3,2,3,2,3,2,3,2,3,2,3,2,3,2,3,2,3,2,3,2,3,2,4,4,4,4,4,4,4,4,4,4,4,4,4,4,4,4,4,4,4,4,4,4,4,4,1,73,92,1,2.43333333333,3.83333333333
3,2,3,2,3,2,1,2,3,2,3,2,3,2,3,2,3,2,3,2,3,2,3,2,3,2,3,2,3,2,4,4,4,4,4,4,4,4,4,4,4,4,4,4,4,4,4,4,4,4,4,4,4,4,1,73,92,1,2.43333333333,3.83333333333
3,3,4,4,3,1,1,3,4,4,3,3,3,3,4,4,3,3,3,3,4,4,3,3,3,3,4,4,3,3,3,3,3,3,3,3,3,3,3,3,3,3,3,3,3,3,3,3,3,3,3,3,3,3,1,96,69,1,3.2,2.875
3,3,3,2,3,1,1,3,3,2,3,3,3,3,3,2,3,3,3,3,3,2,3,3,3,3,3,2,3,3,4,3,4,3,4,3,4,3,4,3,4,3,4,3,4,3,4,3,4,4,3,4,3,4,1,81,81,1,2.7,3.375
3,3,2,3,3,1,1,3,2,3,3,3,3,3,2,3,3,3,3,3,2,3,3,3,3,3,2,3,3,3,4,3,4,3,4,3,4,3,4,3,4,3,4,3,4,3,4,3,4,4,3,4,3,4,1,81,81,1,2.7,3.375
4,2,2,3,4,2,0,2,2,3,4,2,4,2,2,3,4,2,4,2,2,3,4,2,4,2,2,3,4,2,4,3,4,3,4,3,4,3,4,3,4,3,4,3,4,3,4,3,4,4,3,4,3,4,1,81,81,1,2.7,3.375
3,3,3,2,3,1,1,3,3,2,3,3,3,3,3,2,3,3,3,3,3,2,3,3,3,3,3,2,3,3,4,3,4,3,4,3,4,3,4,3,4,3,4,3,3,3,4,3,4,4,3,4,3,4,1,81,80,1,2.7,3.33333333333
4,4,4,3,4,2,4,4,4,3,4,4,4,4,4,4,4,4,4,4,4,3,0,4,0,4,4,0,4,4,0,4,4,0,1,0,2,0,4,0,2,4,4,1,4,0,4,4,4,3,4,4,4,4,1,103,57,1,3.43333333333,2.375
3,3,3,2,3,1,1,3,3,2,3,3,3,3,3,2,3,3,3,3,3,2,3,3,3,3,3,2,3,3,3,4,3,4,3,4,3,4,3,4,3,4,3,4,3,4,3,4,3,3,4,3,4,3,1,81,80,1,2.7,3.33333333333
2,2,3,2,2,2,2,2,3,2,2,2,2,2,3,2,2,2,2,2,3,2,2,2,2,2,3,2,2,2,4,4,4,4,4,4,4,4,4,4,4,3,4,4,4,4,4,4,4,4,4,4,4,4,1,65,91,1,2.16666666667,3.79166666667
3,3,3,3,3,1,1,3,3,3,3,3,3,3,3,3,3,3,3,3,3,3,3,3,3,3,3,3,3,3,3,3,3,3,3,3,3,3,3,3,3,3,3,3,3,3,3,3,3,3,3,3,3,3,1,86,69,1,2.86666666667,2.875
4,3,3,3,3,1,4,0,4,3,3,3,3,4,3,3,3,3,3,3,3,3,2,2,2,2,3,2,2,2,2,4,3,3,3,3,3,4,4,4,3,3,3,3,3,3,3,3,3,3,3,3,3,3,1,82,72,1,2.73333333333,3.0
3,2,3,2,3,2,1,2,3,2,3,2,3,2,3,2,3,2,3,2,3,2,3,2,3,2,3,2,3,2,3,4,3,4,3,4,3,4,3,4,3,3,3,4,3,4,3,4,3,3,4,3,4,3,1,73,79,1,2.43333333333,3.29166666667
4,4,3,3,4,0,4,2,4,4,3,4,4,4,4,4,4,4,4,4,0,0,2,4,4,4,4,1,1,0,4,2,0,0,0,0,3,0,4,4,4,4,4,4,4,2,4,4,3,4,4,1,1,0,1,91,60,1,3.03333333333,2.5
3,2,4,3,3,2,3,2,2,3,4,3,2,3,1,3,3,3,3,4,2,1,0,2,2,2,2,2,2,3,3,3,3,3,3,3,4,4,4,4,4,3,0,0,0,0,0,3,3,3,3,3,3,3,1,74,59,1,2.46666666667,2.45833333333
2,2,2,3,2,3,2,1,3,2,1,2,2,2,3,3,3,3,3,2,2,1,1,3,3,3,2,3,2,2,3,3,3,3,3,3,3,3,4,4,4,4,3,4,2,2,3,3,2,1,1,2,2,2,1,68,65,1,2.26666666667,2.70833333333
3,2,4,3,3,2,3,2,2,3,4,3,2,2,1,3,3,3,3,4,2,1,0,2,2,2,2,2,2,3,3,3,3,3,3,3,4,4,4,4,3,0,0,3,0,0,0,3,3,3,3,3,3,3,1,73,58,1,2.43333333333,2.41666666667
4,2,4,2,1,2,3,1,1,3,3,3,2,2,3,2,2,3,3,2,2,2,2,3,4,4,3,3,3,4,4,4,2,2,0,0,4,3,4,4,3,1,1,4,1,2,1,3,3,3,3,1,1,1,1,78,54,1,2.6,2.25
2,0,2,4,2,2,4,3,4,3,2,3,3,0,4,4,3,3,3,2,2,1,2,0,0,0,0,0,2,2,3,3,3,3,3,3,3,3,1,3,2,3,3,4,4,2,3,2,2,3,3,4,2,2,1,62,65,1,2.06666666667,2.70833333333
4,4,3,3,2,0,2,4,4,3,4,3,4,3,4,4,4,3,3,3,2,3,3,3,3,3,1,3,3,2,3,3,3,4,4,4,4,4,4,4,4,2,2,3,2,2,2,2,2,3,3,3,3,4,1,90,70,1,3.0,2.91666666667
4,4,3,4,4,0,0,4,4,4,4,4,4,4,4,3,3,4,4,3,2,2,3,1,2,2,1,3,2,2,3,3,1,2,1,4,4,3,3,3,1,3,3,3,3,1,2,3,2,2,2,2,1,2,1,88,55,1,2.93333333333,2.29166666667
3,3,2,2,2,2,2,2,2,2,2,2,2,2,2,2,2,2,2,2,0,0,0,2,0,0,0,0,0,2,3,3,3,4,4,4,4,4,4,4,4,1,1,1,1,1,1,3,2,2,2,4,4,4,1,46,64,1,1.53333333333,2.66666666667
0,0,0,0,0,0,0,0,0,0,0,1,0,0,0,0,1,0,0,0,1,0,0,0,0,0,0,0,0,0,0,0,0,0,0,0,0,0,0,0,1,0,1,0,0,0,1,0,0,0,1,0,0,1,0,3,4,1,0.1,0.166666666667
0,0,0,0,0,0,0,0,0,0,0,0,0,0,0,0,0,0,0,0,0,0,0,0,0,0,0,0,0,0,0,0,0,0,0,0,0,0,0,0,0,1,1,1,2,3,1,0,0,1,1,0,0,0,0,0,11,1,0.0,0.458333333333
0,0,0,0,0,0,0,0,0,0,0,0,0,0,0,0,0,0,0,0,0,0,0,0,1,1,0,0,1,0,0,0,0,0,0,0,0,0,0,0,1,0,2,0,1,1,1,1,0,0,0,1,1,1,0,3,9,1,0.1,0.375
0,0,0,0,0,0,0,0,0,0,0,0,1,0,0,0,0,0,0,0,0,0,0,0,0,0,0,0,0,0,0,0,0,1,0,0,0,0,0,0,0,0,3,0,0,0,0,2,0,0,1,2,2,1,0,1,11,1,0.0333333333333,0.458333333333
4,0,3,4,0,0,0,0,0,0,0,0,0,0,0,0,0,0,0,0,0,0,0,0,0,0,0,0,0,0,0,0,0,0,0,0,0,0,0,0,0,0,0,0,0,0,0,4,0,0,0,0,0,0,0,11,4,1,0.366666666667,0.166666666667
0,0,0,0,0,0,0,0,0,0,0,0,0,0,0,0,0,0,0,0,0,0,0,0,0,0,0,0,0,0,2,2,1,0,1,1,0,1,0,0,0,0,0,0,0,0,1,1,1,1,1,0,1,1,0,0,14,1,0.0,0.583333333333
0,1,0,0,0,0,0,1,0,0,0,0,0,1,0,0,0,0,0,0,0,0,0,0,1,1,1,0,0,0,0,0,0,0,0,0,0,0,0,0,0,0,3,1,0,3,0,1,0,0,0,2,0,0,0,6,10,1,0.2,0.416666666667
0,0,0,0,0,0,0,0,0,0,0,0,0,0,0,0,0,0,0,0,0,0,0,0,0,0,0,0,0,0,1,1,0,0,0,0,0,0,0,0,0,0,2,0,0,2,0,2,3,2,2,1,1,0,0,0,17,1,0.0,0.708333333333
1,1,0,0,0,0,0,0,0,1,0,0,1,0,0,0,0,0,0,0,1,0,0,0,1,0,1,1,1,1,0,0,0,0,0,0,0,0,0,0,0,1,2,0,2,1,0,0,1,1,1,1,1,1,0,10,11,1,0.333333333333,0.458333333333
0,1,0,1,0,0,0,0,0,1,0,0,0,1,0,0,0,0,0,0,0,0,0,1,0,0,0,0,0,0,0,1,1,1,0,0,0,2,1,0,0,0,2,1,1,1,1,2,1,1,1,0,0,0,0,5,17,1,0.166666666667,0.708333333333
0,0,0,0,0,0,0,0,0,1,0,0,0,0,0,0,0,0,0,0,0,0,0,1,1,1,0,0,0,0,2,1,1,1,0,0,2,0,1,0,1,0,0,0,0,0,0,2,2,2,2,1,0,0,0,4,18,1,0.133333333333,0.75
0,0,0,0,0,0,0,0,0,1,0,0,0,0,0,0,0,0,0,0,0,0,0,1,1,0,0,0,0,0,0,0,0,0,0,0,0,0,0,0,0,0,1,0,3,2,0,2,2,2,2,2,2,2,0,3,18,1,0.1,0.75
0,3,1,0,0,0,0,0,0,0,0,1,1,2,0,0,0,0,0,0,0,0,0,0,0,0,0,0,0,1,1,1,0,1,0,0,0,0,0,0,1,0,1,0,1,1,1,4,0,0,2,0,0,0,0,9,14,1,0.3,0.583333333333
0,0,0,0,0,0,0,0,0,0,0,0,0,0,0,0,0,0,0,0,0,1,0,0,0,0,0,0,0,0,4,2,0,0,0,0,0,0,0,0,1,4,2,0,4,2,1,1,0,0,0,1,0,0,0,1,22,1,0.0333333333333,0.916666666667
0,0,0,0,0,2,1,0,0,0,0,0,0,0,0,0,0,0,0,0,0,0,0,0,0,0,0,0,0,0,1,0,0,0,0,0,0,0,0,0,0,0,0,2,1,4,2,3,0,0,0,2,4,1,0,3,19,1,0.1,0.791666666667
0,1,2,1,0,0,0,0,0,0,0,1,1,0,0,0,1,0,1,0,0,0,0,0,0,0,0,0,0,0,0,0,0,0,0,0,0,0,1,0,0,2,2,0,1,0,1,2,0,0,0,3,2,1,0,8,14,1,0.266666666667,0.583333333333
0,0,2,0,0,0,0,0,0,0,0,0,0,0,0,0,0,0,0,0,0,0,0,0,0,0,0,0,0,0,2,1,0,1,0,0,1,0,0,0,0,0,2,0,2,2,1,2,0,0,0,4,4,0,0,2,22,1,0.0666666666667,0.916666666667
0,0,1,0,0,1,0,0,0,0,0,0,0,0,0,0,0,0,0,0,0,0,0,2,0,0,0,0,0,1,0,2,0,1,0,0,0,0,0,0,0,0,3,0,0,2,2,0,0,1,1,3,4,0,0,5,19,1,0.166666666667,0.791666666667
0,0,0,0,0,0,0,0,0,0,0,0,0,0,0,0,0,0,0,0,0,0,0,0,0,0,0,0,0,0,0,0,0,0,0,0,0,0,0,0,1,2,4,2,3,1,1,2,0,0,1,4,1,2,0,0,22,1,0.0,0.916666666667
0,0,0,0,0,0,0,0,0,0,0,0,0,0,0,0,0,0,0,0,0,0,0,0,1,1,1,1,1,1,1,0,0,0,0,0,0,0,0,0,2,0,3,0,3,3,1,2,1,1,1,0,1,0,0,6,19,1,0.2,0.791666666667
0,0,0,0,0,1,0,0,0,0,1,1,1,0,0,0,0,0,1,0,1,0,0,0,0,0,0,0,0,0,0,0,0,0,0,0,0,0,0,0,0,0,3,0,3,4,3,0,2,2,2,0,0,0,0,6,19,1,0.2,0.791666666667
0,0,0,0,0,0,0,0,0,0,0,1,1,1,1,0,0,0,0,0,1,1,0,0,0,0,0,1,0,0,0,0,0,1,0,0,1,0,1,0,0,0,2,2,2,0,0,2,2,2,2,1,1,0,0,7,19,1,0.233333333333,0.791666666667
0,0,0,0,0,0,0,0,0,0,0,0,0,0,0,0,0,0,0,0,0,0,0,0,0,0,0,0,0,0,0,1,0,0,0,0,0,0,0,0,0,0,4,0,4,3,1,3,1,3,3,3,1,0,0,0,27,1,0.0,1.125
0,0,0,0,0,0,0,0,0,0,0,0,2,0,0,0,0,0,0,0,0,0,0,0,0,0,0,0,0,0,2,0,0,0,0,0,4,0,0,0,0,0,0,0,0,3,0,2,2,2,2,4,4,0,0,2,25,1,0.0666666666667,1.04166666667
0,0,3,0,0,1,0,0,0,0,0,2,0,0,1,0,1,0,0,1,0,0,0,0,1,0,0,0,0,1,0,2,0,0,0,0,0,0,1,0,0,0,1,0,1,1,1,3,3,2,2,0,0,0,0,11,17,1,0.366666666667,0.708333333333
0,0,0,0,0,1,0,0,0,0,0,0,1,0,0,0,0,0,0,0,0,0,0,0,0,0,0,0,0,0,2,0,0,1,0,0,1,0,0,0,1,1,2,0,1,2,2,2,2,2,2,2,2,2,0,2,25,1,0.0666666666667,1.04166666667
0,0,0,0,0,0,0,0,0,0,0,0,1,1,0,0,0,0,0,0,1,0,0,0,1,0,0,1,1,1,1,0,0,0,0,0,0,0,0,0,0,1,3,2,1,3,0,2,3,3,2,1,0,0,0,7,22,1,0.233333333333,0.916666666667
1,1,1,1,1,0,0,1,1,1,1,0,0,0,0,0,0,0,0,0,0,0,0,0,0,0,0,0,0,0,0,2,0,0,0,0,0,0,0,0,0,0,0,0,0,2,2,3,3,3,3,1,1,0,0,9,20,1,0.3,0.833333333333
0,0,0,0,1,0,0,0,0,0,0,0,1,0,1,0,0,0,0,0,0,0,0,0,1,1,0,0,1,0,0,0,0,0,0,0,0,0,0,0,0,2,3,1,3,3,3,2,1,1,1,1,1,1,0,6,22,1,0.2,0.916666666667
0,2,2,1,0,0,0,0,0,2,1,1,1,0,0,0,0,0,0,0,0,0,0,0,1,0,0,0,0,0,1,3,0,0,0,0,2,1,0,2,0,0,0,0,0,0,0,3,1,1,1,0,3,0,0,11,18,1,0.366666666667,0.75
0,1,1,0,0,0,0,0,0,1,1,1,2,1,1,0,0,0,0,0,0,0,0,0,0,0,0,0,0,0,0,2,1,2,0,0,0,0,1,0,1,0,3,1,4,0,2,2,0,1,0,0,1,0,0,9,21,1,0.3,0.875
0,1,1,0,0,1,0,0,0,0,0,0,0,0,0,0,0,0,0,0,0,0,0,0,0,0,0,0,0,0,0,0,0,0,0,0,1,0,0,0,0,1,2,0,1,4,4,3,3,1,2,3,1,1,0,3,26,1,0.1,1.08333333333
0,0,0,0,0,2,0,0,0,0,0,0,1,0,0,1,1,0,0,0,0,0,0,0,0,0,0,0,0,1,0,0,0,1,0,0,1,0,0,0,0,2,4,0,4,3,1,1,2,2,2,1,0,0,0,6,24,1,0.2,1.0
0,0,0,0,0,1,0,1,1,0,0,0,1,1,0,0,0,0,0,0,1,1,1,0,1,0,0,0,0,1,1,1,1,1,0,0,1,0,0,0,0,0,0,0,0,0,0,2,1,2,2,3,3,2,0,10,18,1,0.333333333333,0.75
0,0,0,0,0,1,0,0,0,1,0,1,1,0,0,1,0,0,0,0,0,0,0,0,2,1,1,0,0,0,0,0,0,0,0,0,0,0,0,0,0,0,1,1,0,4,1,1,4,4,2,2,0,1,0,9,20,1,0.3,0.833333333333
0,1,1,0,0,2,0,0,0,0,0,2,1,0,0,0,0,0,0,0,0,0,0,0,1,0,0,0,0,1,0,2,0,0,0,0,0,0,0,0,0,2,2,2,2,2,2,2,0,2,1,1,1,0,0,9,21,1,0.3,0.875
0,0,0,0,0,2,0,0,0,1,0,0,0,0,1,0,1,0,1,0,0,0,0,0,0,0,0,0,0,1,0,1,0,1,0,0,1,1,1,0,0,4,2,0,1,2,1,3,1,1,1,1,1,0,0,7,23,1,0.233333333333,0.958333333333
0,2,2,1,0,0,0,0,0,2,1,1,1,0,0,0,0,0,0,0,0,0,0,0,1,0,0,0,0,0,1,3,0,0,0,0,2,1,1,0,2,0,0,0,0,0,0,3,1,1,1,0,3,0,0,11,19,1,0.366666666667,0.791666666667
0,0,1,0,1,0,0,0,0,0,0,1,0,0,0,0,0,0,0,0,0,0,0,0,0,0,0,0,0,0,2,1,2,0,0,0,2,0,1,0,0,0,2,0,1,2,1,3,3,2,2,2,2,0,0,3,28,1,0.1,1.16666666667
0,0,0,0,0,2,0,0,0,0,0,0,1,1,0,0,0,0,0,0,0,0,0,0,1,1,1,0,0,0,1,0,0,0,0,0,0,0,0,0,0,0,2,1,0,3,0,2,3,4,3,3,0,2,0,7,22,1,0.233333333333,0.916666666667
0,1,1,0,0,0,0,0,0,0,0,1,3,0,0,0,0,0,0,0,0,0,0,1,1,0,0,0,0,0,0,0,0,0,0,0,0,0,1,0,0,2,4,0,2,4,0,3,0,1,2,2,2,0,0,8,23,1,0.266666666667,0.958333333333
0,0,0,0,0,0,0,0,0,0,0,0,0,0,0,0,0,0,0,0,0,0,0,0,0,0,0,0,0,0,1,1,1,1,1,0,1,1,2,1,2,2,4,2,4,0,0,0,1,1,2,1,0,2,0,0,29,1,0.0,1.20833333333
0,0,0,0,0,0,0,0,0,0,0,0,0,0,0,0,0,0,0,0,0,0,0,0,0,0,0,0,0,0,1,1,1,1,1,0,1,1,2,1,2,2,4,2,4,0,0,0,1,1,2,1,0,2,0,0,29,1,0.0,1.20833333333
0,0,0,0,0,0,0,0,0,0,0,0,0,0,0,0,0,0,0,0,0,0,0,0,0,0,0,0,0,0,0,0,1,1,0,0,0,1,1,0,0,3,2,1,3,3,0,2,3,2,2,4,1,1,0,0,30,1,0.0,1.25
0,0,0,0,0,0,0,0,0,0,0,0,0,0,0,0,0,0,0,0,0,0,0,0,0,0,0,0,0,0,4,4,4,3,0,0,4,1,1,0,1,0,0,0,0,0,0,0,0,0,4,2,2,2,0,0,30,1,0.0,1.25
0,0,0,0,0,0,0,0,0,1,0,1,0,0,0,0,0,0,0,0,0,0,0,0,0,0,0,0,0,0,2,2,0,0,0,0,0,0,0,0,0,4,4,0,4,1,4,2,3,2,2,0,0,0,0,2,30,1,0.0666666666667,1.25
0,0,0,0,0,0,0,0,0,0,0,0,1,0,0,1,0,0,0,1,1,0,0,0,1,1,1,1,1,1,0,0,0,0,0,0,1,1,1,0,1,0,1,2,2,2,2,2,2,2,2,0,1,0,0,10,22,1,0.333333333333,0.916666666667
0,1,1,1,0,0,0,0,0,0,0,0,0,0,0,0,0,0,0,0,0,0,0,0,0,0,0,0,0,0,2,1,1,1,0,0,2,1,2,2,1,2,2,0,1,3,0,2,2,2,2,0,0,0,0,3,29,1,0.1,1.20833333333
0,0,2,0,2,4,0,0,0,0,0,0,2,1,0,0,0,0,0,0,0,0,0,0,0,0,0,0,0,0,2,3,0,1,0,0,1,0,0,0,1,0,4,0,1,1,2,3,0,1,1,0,0,0,0,11,21,1,0.366666666667,0.875
1,2,0,0,0,0,0,0,0,0,0,0,0,1,0,0,0,0,1,0,0,1,1,1,1,1,0,0,0,0,2,1,0,1,0,0,1,0,0,0,1,0,2,0,0,2,1,2,2,2,2,2,1,0,0,10,22,1,0.333333333333,0.916666666667
1,0,1,0,0,0,0,1,0,0,1,0,1,0,0,1,0,0,1,0,0,0,0,0,0,0,0,0,0,0,2,0,0,0,0,0,0,1,0,0,0,0,2,0,2,0,2,3,0,3,3,3,2,2,0,7,23,1,0.233333333333,0.958333333333
0,0,0,0,0,0,0,0,0,0,0,0,0,0,0,0,0,0,0,0,0,0,0,0,0,0,0,0,0,0,2,1,1,1,0,0,0,1,1,0,0,3,2,1,2,2,1,2,3,2,2,3,1,1,0,0,31,1,0.0,1.29166666667
0,0,2,0,0,0,0,0,0,0,0,1,1,0,0,0,1,0,0,0,0,0,0,0,1,0,0,0,0,0,2,1,0,2,3,0,1,0,2,0,0,0,0,0,2,3,1,2,1,2,1,2,2,0,0,6,27,1,0.2,1.125
0,0,1,0,0,0,0,1,1,0,0,0,0,1,0,0,0,0,0,0,0,0,0,0,0,0,0,0,0,0,1,0,0,1,0,0,0,0,0,0,0,2,2,0,3,3,3,3,0,1,3,3,3,1,0,4,28,1,0.133333333333,1.16666666667
0,0,1,0,0,0,0,1,1,0,0,0,0,1,0,0,0,0,0,0,0,0,0,0,0,0,0,0,0,0,1,0,0,1,0,0,0,0,0,0,0,2,2,0,3,3,3,3,0,1,3,3,3,1,0,4,28,1,0.133333333333,1.16666666667
3,1,1,0,0,0,0,0,0,0,1,0,0,1,1,1,0,0,0,0,0,0,0,0,0,0,0,0,0,0,0,0,0,0,0,0,0,3,0,0,1,1,1,0,3,3,2,2,0,2,2,0,0,4,0,9,20,1,0.3,0.833333333333
0,2,0,0,0,1,0,0,0,0,0,0,0,0,0,0,0,0,0,0,0,0,0,0,1,1,0,0,0,2,0,0,0,1,0,0,1,1,2,0,1,2,3,0,1,1,2,2,1,0,1,3,2,2,0,7,24,1,0.233333333333,1.0
0,1,2,0,0,0,0,0,0,1,1,1,2,1,1,1,0,0,1,0,1,0,0,0,0,0,0,0,0,0,1,1,0,1,0,0,1,1,1,1,1,1,1,0,1,1,0,2,1,1,1,1,1,1,0,13,19,1,0.433333333333,0.791666666667
4,3,4,4,0,0,0,0,0,0,0,0,0,0,0,0,0,0,0,0,0,0,0,2,0,0,0,0,0,0,0,0,0,0,0,0,0,0,0,0,0,0,0,0,0,0,0,4,4,4,4,0,0,0,0,17,16,1,0.566666666667,0.666666666667
3,0,0,0,0,0,0,0,0,0,0,1,1,2,1,0,0,1,1,0,0,0,0,1,0,0,1,0,0,0,0,0,0,0,0,0,0,0,1,1,0,0,3,2,4,4,0,1,0,0,1,4,1,0,0,12,22,1,0.4,0.916666666667
0,0,2,4,0,0,0,0,0,2,0,0,0,0,0,0,0,0,2,0,0,0,0,0,0,0,0,0,0,0,0,2,0,1,0,0,0,2,0,0,2,2,3,0,3,2,0,2,4,0,0,1,0,0,0,10,24,1,0.333333333333,1.0
0,0,0,0,0,0,0,0,0,0,0,0,0,0,0,0,0,0,0,0,0,0,0,0,0,0,0,0,0,0,0,0,0,0,0,0,2,1,1,0,1,3,4,0,4,3,4,3,1,3,3,0,1,0,0,0,34,1,0.0,1.41666666667
2,1,1,0,0,1,0,0,0,0,0,1,0,1,0,0,1,0,1,0,0,0,0,1,0,1,1,0,0,0,0,1,0,2,0,0,1,0,2,1,2,1,3,1,3,1,1,3,0,0,0,0,0,0,0,12,22,1,0.4,0.916666666667
0,0,1,0,0,0,0,0,0,0,0,0,0,0,0,0,0,1,0,0,0,0,2,2,1,1,1,0,1,0,0,0,0,0,0,0,0,0,0,0,0,0,4,4,4,4,4,0,4,0,0,0,0,0,0,10,24,1,0.333333333333,1.0
0,0,0,0,0,0,0,0,0,2,0,1,1,0,0,0,0,0,0,0,1,0,0,1,1,0,0,0,1,0,2,0,0,1,0,0,1,0,2,0,1,3,2,0,1,3,3,2,2,1,1,2,0,0,0,8,27,1,0.266666666667,1.125
0,1,0,0,0,0,0,0,0,0,0,0,0,0,0,0,1,0,0,0,0,0,0,0,0,0,0,0,0,0,0,0,0,0,0,0,0,0,0,0,0,2,4,4,4,4,4,4,4,2,2,0,0,0,0,2,34,1,0.0666666666667,1.41666666667
0,3,2,0,0,0,0,0,0,0,0,0,0,0,0,0,0,0,0,0,0,0,0,0,0,0,0,0,0,0,1,0,0,0,0,0,0,0,1,0,0,4,4,0,4,4,4,3,1,1,1,2,0,1,0,5,30,1,0.166666666667,1.25
0,1,1,1,1,0,0,0,0,0,1,1,2,1,1,1,1,1,1,0,0,0,0,0,0,0,0,0,0,0,0,0,0,0,0,0,1,1,1,0,0,1,1,0,1,3,1,2,1,2,2,2,2,1,0,14,21,1,0.466666666667,0.875
1,0,0,0,0,1,0,0,0,1,1,0,1,1,1,1,0,1,0,0,0,0,0,1,1,0,0,0,0,1,1,0,0,0,0,0,0,0,0,0,0,2,4,1,0,2,1,2,1,2,2,4,2,0,0,12,24,1,0.4,1.0
2,2,3,0,0,1,0,0,0,1,1,1,1,1,1,1,1,1,1,1,1,0,0,0,0,0,0,0,0,0,2,0,0,0,0,0,0,0,0,0,0,0,2,0,2,2,1,1,1,1,1,1,1,1,0,20,15,1,0.666666666667,0.625
1,0,1,0,1,1,0,0,0,1,0,0,1,1,1,0,0,1,0,1,0,0,0,0,0,0,0,0,0,0,1,1,1,1,0,0,1,0,1,1,1,1,1,1,1,0,0,2,1,2,2,2,2,3,0,10,23,1,0.333333333333,0.958333333333
2,1,0,2,0,0,0,0,0,1,1,1,1,0,1,0,1,1,0,0,0,0,0,1,1,1,0,0,0,0,0,0,1,0,1,0,1,0,1,0,0,0,1,0,0,3,0,2,2,2,2,2,2,1,0,15,20,1,0.5,0.833333333333
0,0,1,1,0,0,0,0,0,2,1,2,1,1,1,0,0,0,0,0,0,0,0,0,1,0,0,0,0,1,2,1,0,2,0,0,1,1,1,1,0,2,2,0,0,2,1,2,1,2,2,1,0,0,0,12,24,1,0.4,1.0
0,1,0,0,0,1,0,2,0,0,1,0,1,0,0,0,0,0,0,0,0,0,2,2,0,0,1,1,0,0,1,0,0,0,0,0,0,0,0,0,3,1,1,0,1,3,3,2,0,0,0,4,4,2,0,12,23,1,0.4,0.958333333333
0,1,0,1,0,0,0,0,0,1,1,2,2,0,0,0,0,0,0,0,0,0,0,0,0,1,1,1,0,0,2,1,0,0,0,0,1,1,2,1,0,2,2,2,1,0,1,3,2,2,2,1,0,0,0,11,26,1,0.366666666667,1.08333333333
0,0,0,0,0,0,0,0,0,1,0,1,2,0,1,0,0,0,0,0,0,0,0,0,0,0,0,0,0,0,2,1,1,1,0,0,1,1,2,1,1,3,2,0,2,1,2,3,2,2,2,1,1,0,0,5,32,1,0.166666666667,1.33333333333
2,0,2,0,0,0,0,0,0,2,0,0,2,0,0,1,1,0,0,0,1,1,0,0,0,0,0,0,0,0,1,1,0,1,1,1,1,0,1,1,0,2,1,0,0,3,2,2,1,1,1,1,2,1,0,12,24,1,0.4,1.0
1,1,2,0,2,1,0,2,1,2,1,1,2,0,2,1,2,1,0,0,0,1,0,1,1,0,1,0,0,0,0,0,0,1,0,0,0,0,0,0,0,0,0,0,1,1,1,0,1,2,2,0,1,1,0,26,10,1,0.866666666667,0.416666666667
0,0,0,0,0,2,0,0,0,0,0,0,0,0,0,0,0,0,0,0,0,0,0,2,0,0,0,0,0,0,0,0,0,0,0,0,1,0,0,0,0,0,2,2,4,4,4,2,2,2,2,4,2,2,0,4,31,1,0.133333333333,1.29166666667
2,0,1,0,0,0,0,0,0,2,1,0,1,0,2,2,1,0,0,0,1,0,0,1,0,1,0,0,0,0,2,0,0,0,0,0,2,2,1,0,0,2,2,1,2,3,0,2,0,0,2,1,0,0,0,15,22,1,0.5,0.916666666667
2,1,1,0,0,2,0,0,0,2,0,1,1,1,1,0,0,0,0,0,0,0,0,0,1,1,0,0,0,1,1,1,2,2,0,0,0,0,0,0,1,0,1,2,0,1,0,3,1,1,3,1,1,1,0,15,21,1,0.5,0.875
0,0,0,0,0,0,0,0,0,0,0,0,0,0,0,0,0,0,0,0,0,0,0,0,0,0,0,0,0,0,4,4,3,4,0,0,4,0,1,0,1,0,0,0,0,1,0,4,1,1,4,2,2,2,0,0,36,1,0.0,1.5
0,0,0,0,0,0,0,0,0,0,0,0,0,0,0,0,0,0,0,0,0,0,0,0,0,0,0,0,0,0,0,1,1,1,1,1,1,1,1,1,1,1,3,1,3,4,1,2,2,2,2,3,2,2,0,0,36,1,0.0,1.5
1,1,0,0,0,0,0,0,0,1,0,1,1,0,0,1,0,0,0,1,0,0,0,0,1,1,1,0,0,1,1,1,0,1,0,0,1,1,1,2,1,3,3,0,2,3,0,2,0,1,1,3,0,0,0,11,27,1,0.366666666667,1.125
0,0,0,0,0,0,0,0,0,0,0,1,0,0,0,0,0,0,0,0,0,0,0,0,0,0,0,0,0,0,0,0,0,1,0,0,1,0,4,1,2,1,1,0,4,3,3,2,2,3,2,4,3,1,0,1,37,1,0.0333333333333,1.54166666667
0,0,0,0,0,0,0,1,0,0,0,1,1,1,0,0,0,0,0,1,1,0,1,1,0,0,0,0,0,0,1,3,0,0,0,0,0,0,0,0,0,2,2,0,1,3,4,4,0,1,3,3,3,1,0,8,30,1,0.266666666667,1.25
