,Atr1,Atr2,Atr3,Atr4,Atr5,Atr6,Atr7,Atr8,Atr9,Atr10,Atr11,Atr12,Atr13,Atr14,Atr15,Atr16,Atr17,Atr18,Atr19,Atr20,Atr21,Atr22,Atr23,Atr24,Atr25,Atr26,Atr27,Atr28,Atr29,Atr30,Atr31,Atr32,Atr33,Atr34,Atr35,Atr36,Atr37,Atr38,Atr39,Atr40,Atr41,Atr42,Atr43,Atr44,Atr45,Atr46,Atr47,Atr48,Atr49,Atr50,Atr51,Atr52,Atr53,Atr54,Class
106,0,0,0,0,0,0,0,0,0,0,0,0,0,0,0,0,0,0,0,0,0,0,0,0,0,0,0,0,0,0,0,1,0,0,0,0,0,0,0,0,0,0,4,0,4,3,1,3,1,3,3,3,1,0,0
152,1,0,0,0,0,1,0,0,0,1,1,0,1,1,1,1,0,1,0,0,0,0,0,1,1,0,0,0,0,1,1,0,0,0,0,0,0,0,0,0,0,2,4,1,0,2,1,2,1,2,2,4,2,0,0
131,0,1,1,1,0,0,0,0,0,0,0,0,0,0,0,0,0,0,0,0,0,0,0,0,0,0,0,0,0,0,2,1,1,1,0,0,2,1,2,2,1,2,2,0,1,3,0,2,2,2,2,0,0,0,0
0,2,2,4,1,0,0,0,0,0,0,1,0,1,1,0,1,0,0,0,1,0,0,0,0,0,0,0,0,0,1,1,2,1,2,0,1,2,1,3,3,2,1,1,2,3,2,1,3,3,3,2,3,2,1,1
21,4,3,3,3,4,1,0,3,3,3,4,3,4,3,3,3,4,3,4,3,3,3,4,3,4,3,3,3,4,3,4,4,4,4,4,4,4,4,4,4,4,4,4,4,4,4,4,4,4,4,4,4,4,4,1
147,0,0,1,0,0,0,0,0,0,0,0,0,0,0,0,0,0,1,0,0,0,0,2,2,1,1,1,0,1,0,0,0,0,0,0,0,0,0,0,0,0,0,4,4,4,4,4,0,4,0,0,0,0,0,0
107,0,0,0,0,0,0,0,0,0,0,0,0,2,0,0,0,0,0,0,0,0,0,0,0,0,0,0,0,0,0,2,0,0,0,0,0,4,0,0,0,0,0,0,0,0,3,0,2,2,2,2,4,4,0,0
169,0,0,0,0,0,0,0,1,0,0,0,1,1,1,0,0,0,0,0,1,1,0,1,1,0,0,0,0,0,0,1,3,0,0,0,0,0,0,0,0,0,2,2,0,1,3,4,4,0,1,3,3,3,1,0
138,0,0,1,0,0,0,0,1,1,0,0,0,0,1,0,0,0,0,0,0,0,0,0,0,0,0,0,0,0,0,1,0,0,1,0,0,0,0,0,0,0,2,2,0,3,3,3,3,0,1,3,3,3,1,0
149,0,1,0,0,0,0,0,0,0,0,0,0,0,0,0,0,1,0,0,0,0,0,0,0,0,0,0,0,0,0,0,0,0,0,0,0,0,0,0,0,0,2,4,4,4,4,4,4,4,2,2,0,0,0,0
119,0,1,1,0,0,2,0,0,0,0,0,2,1,0,0,0,0,0,0,0,0,0,0,0,1,0,0,0,0,1,0,2,0,0,0,0,0,0,0,0,0,2,2,2,2,2,2,2,0,2,1,1,1,0,0
166,0,0,0,0,0,0,0,0,0,0,0,0,0,0,0,0,0,0,0,0,0,0,0,0,0,0,0,0,0,0,0,1,1,1,1,1,1,1,1,1,1,1,3,1,3,4,1,2,2,2,2,3,2,2,0
148,0,0,0,0,0,0,0,0,0,2,0,1,1,0,0,0,0,0,0,0,1,0,0,1,1,0,0,0,1,0,2,0,0,1,0,0,1,0,2,0,1,3,2,0,1,3,3,2,2,1,1,2,0,0,0
93,0,1,0,1,0,0,0,0,0,1,0,0,0,1,0,0,0,0,0,0,0,0,0,1,0,0,0,0,0,0,0,1,1,1,0,0,0,2,1,0,0,0,2,1,1,1,1,2,1,1,1,0,0,0,0
167,1,1,0,0,0,0,0,0,0,1,0,1,1,0,0,1,0,0,0,1,0,0,0,0,1,1,1,0,0,1,1,1,0,1,0,0,1,1,1,2,1,3,3,0,2,3,0,2,0,1,1,3,0,0,0
142,4,3,4,4,0,0,0,0,0,0,0,0,0,0,0,0,0,0,0,0,0,0,0,2,0,0,0,0,0,0,0,0,0,0,0,0,0,0,0,0,0,0,0,0,0,0,0,4,4,4,4,0,0,0,0
26,3,3,4,3,3,1,1,3,4,3,3,3,3,3,4,3,3,3,3,3,4,3,3,3,3,3,4,3,3,3,4,4,4,4,4,4,4,4,4,4,4,4,4,4,3,4,4,4,4,4,4,4,4,4,1
81,4,4,3,3,2,0,2,4,4,3,4,3,4,3,4,4,4,3,3,3,2,3,3,3,3,3,1,3,3,2,3,3,3,4,4,4,4,4,4,4,4,2,2,3,2,2,2,2,2,3,3,3,3,4,1
150,0,3,2,0,0,0,0,0,0,0,0,0,0,0,0,0,0,0,0,0,0,0,0,0,0,0,0,0,0,0,1,0,0,0,0,0,0,0,1,0,0,4,4,0,4,4,4,3,1,1,1,2,0,1,0
66,3,3,2,3,3,1,1,3,2,3,3,3,3,3,2,3,3,3,3,3,2,3,3,3,3,3,2,3,3,3,4,3,4,3,4,3,4,3,4,3,4,3,4,3,4,3,4,3,4,4,3,4,3,4,1
2,2,2,2,2,1,3,2,1,1,2,3,4,2,3,3,3,3,3,3,2,1,0,1,2,2,2,2,2,3,2,3,3,1,1,1,1,2,1,3,3,3,3,2,3,2,3,2,3,1,1,1,2,2,2,1
60,3,2,3,2,3,2,1,2,3,2,3,2,3,2,3,2,3,2,3,2,3,2,3,2,3,2,3,2,3,2,4,4,4,4,4,4,4,4,4,4,4,4,4,4,4,4,4,4,4,4,4,4,4,4,1
129,0,0,0,0,0,0,0,0,0,1,0,1,0,0,0,0,0,0,0,0,0,0,0,0,0,0,0,0,0,0,2,2,0,0,0,0,0,0,0,0,0,4,4,0,4,1,4,2,3,2,2,0,0,0,0
90,0,1,0,0,0,0,0,1,0,0,0,0,0,1,0,0,0,0,0,0,0,0,0,0,1,1,1,0,0,0,0,0,0,0,0,0,0,0,0,0,0,0,3,1,0,3,0,1,0,0,0,2,0,0,0
69,4,4,4,3,4,2,4,4,4,3,4,4,4,4,4,4,4,4,4,4,4,3,0,4,0,4,4,0,4,4,0,4,4,0,1,0,2,0,4,0,2,4,4,1,4,0,4,4,4,3,4,4,4,4,1
104,0,0,0,0,0,1,0,0,0,0,1,1,1,0,0,0,0,0,1,0,1,0,0,0,0,0,0,0,0,0,0,0,0,0,0,0,0,0,0,0,0,0,3,0,3,4,3,0,2,2,2,0,0,0,0
110,0,0,0,0,0,0,0,0,0,0,0,0,1,1,0,0,0,0,0,0,1,0,0,0,1,0,0,1,1,1,1,0,0,0,0,0,0,0,0,0,0,1,3,2,1,3,0,2,3,3,2,1,0,0,0
97,0,0,0,0,0,0,0,0,0,0,0,0,0,0,0,0,0,0,0,0,0,1,0,0,0,0,0,0,0,0,4,2,0,0,0,0,0,0,0,0,1,4,2,0,4,2,1,1,0,0,0,1,0,0,0
157,0,1,0,0,0,1,0,2,0,0,1,0,1,0,0,0,0,0,0,0,0,0,2,2,0,0,1,1,0,0,1,0,0,0,0,0,0,0,0,0,3,1,1,0,1,3,3,2,0,0,0,4,4,2,0
106,0,0,0,0,0,0,0,0,0,0,0,0,0,0,0,0,0,0,0,0,0,0,0,0,0,0,0,0,0,0,0,1,0,0,0,0,0,0,0,0,0,0,4,0,4,3,1,3,1,3,3,3,1,0,0
152,1,0,0,0,0,1,0,0,0,1,1,0,1,1,1,1,0,1,0,0,0,0,0,1,1,0,0,0,0,1,1,0,0,0,0,0,0,0,0,0,0,2,4,1,0,2,1,2,1,2,2,4,2,0,0
62,3,2,3,2,3,2,1,2,3,2,3,2,3,2,3,2,3,2,3,2,3,2,3,2,3,2,3,2,3,2,4,4,4,4,4,4,4,4,4,4,4,4,4,4,4,4,4,4,4,4,4,4,4,4,1
7,2,1,2,2,2,1,0,3,3,2,4,3,2,3,4,3,2,3,2,1,2,1,1,2,3,3,2,2,2,3,1,1,0,2,2,1,4,4,4,4,4,4,3,2,0,0,1,2,2,2,1,1,1,0,1
33,3,4,2,3,3,0,1,4,2,3,3,4,3,4,2,3,3,4,3,4,2,3,3,4,3,4,2,3,3,4,4,4,4,4,4,4,4,4,4,4,4,4,4,4,3,4,4,4,4,4,4,4,4,4,1
123,0,0,0,0,0,2,0,0,0,0,0,0,1,1,0,0,0,0,0,0,0,0,0,0,1,1,1,0,0,0,1,0,0,0,0,0,0,0,0,0,0,0,2,1,0,3,0,2,3,4,3,3,0,2,0
79,4,2,4,2,1,2,3,1,1,3,3,3,2,2,3,2,2,3,3,2,2,2,2,3,4,4,3,3,3,4,4,4,2,2,0,0,4,3,4,4,3,1,1,4,1,2,1,3,3,3,3,1,1,1,1
37,3,3,2,3,3,1,1,3,3,3,4,3,3,3,3,3,3,3,4,3,3,3,3,4,3,3,2,4,3,4,4,4,4,4,4,4,4,4,4,4,4,3,4,3,3,3,4,4,4,4,3,3,4,4,1
20,4,3,3,3,4,1,0,3,3,3,4,3,4,3,3,3,4,3,4,3,3,3,4,3,4,3,3,3,4,3,4,4,4,4,4,4,4,4,4,4,4,4,4,4,4,4,4,4,4,4,4,4,4,4,1
94,0,0,0,0,0,0,0,0,0,1,0,0,0,0,0,0,0,0,0,0,0,0,0,1,1,1,0,0,0,0,2,1,1,1,0,0,2,0,1,0,1,0,0,0,0,0,0,2,2,2,2,1,0,0,0
49,3,3,3,2,3,1,1,3,3,2,3,3,3,3,3,2,3,3,3,3,3,2,3,3,3,3,3,2,3,3,4,4,4,4,4,4,4,4,4,4,4,4,4,4,4,4,4,4,4,4,4,4,4,4,1
149,0,1,0,0,0,0,0,0,0,0,0,0,0,0,0,0,1,0,0,0,0,0,0,0,0,0,0,0,0,0,0,0,0,0,0,0,0,0,0,0,0,2,4,4,4,4,4,4,4,2,2,0,0,0,0
127,0,0,0,0,0,0,0,0,0,0,0,0,0,0,0,0,0,0,0,0,0,0,0,0,0,0,0,0,0,0,0,0,1,1,0,0,0,1,1,0,0,3,2,1,3,3,0,2,3,2,2,4,1,1,0
28,3,4,3,2,3,0,1,4,3,2,3,4,3,4,3,2,3,4,3,4,3,2,3,4,3,4,3,2,3,4,4,4,4,4,4,4,4,4,4,4,4,4,4,4,4,4,4,4,4,4,4,4,4,4,1
119,0,1,1,0,0,2,0,0,0,0,0,2,1,0,0,0,0,0,0,0,0,0,0,0,1,0,0,0,0,1,0,2,0,0,0,0,0,0,0,0,0,2,2,2,2,2,2,2,0,2,1,1,1,0,0
54,4,3,3,2,4,1,0,3,3,2,4,3,4,3,3,2,4,3,4,3,3,2,4,3,4,3,3,2,4,3,4,3,4,3,4,3,4,3,4,3,4,3,4,3,3,3,4,3,4,4,3,4,3,4,1
0,2,2,4,1,0,0,0,0,0,0,1,0,1,1,0,1,0,0,0,1,0,0,0,0,0,0,0,0,0,1,1,2,1,2,0,1,2,1,3,3,2,1,1,2,3,2,1,3,3,3,2,3,2,1,1
18,3,3,4,4,3,1,1,3,4,4,3,3,3,3,4,4,3,3,3,3,4,4,3,3,3,3,4,4,3,3,4,4,4,4,4,4,4,4,4,4,4,4,4,4,4,4,4,4,4,4,4,4,4,4,1
116,0,0,0,0,0,2,0,0,0,0,0,0,1,0,0,1,1,0,0,0,0,0,0,0,0,0,0,0,0,1,0,0,0,1,0,0,1,0,0,0,0,2,4,0,4,3,1,1,2,2,2,1,0,0,0
165,0,0,0,0,0,0,0,0,0,0,0,0,0,0,0,0,0,0,0,0,0,0,0,0,0,0,0,0,0,0,4,4,3,4,0,0,4,0,1,0,1,0,0,0,0,1,0,4,1,1,4,2,2,2,0
165,0,0,0,0,0,0,0,0,0,0,0,0,0,0,0,0,0,0,0,0,0,0,0,0,0,0,0,0,0,0,4,4,3,4,0,0,4,0,1,0,1,0,0,0,0,1,0,4,1,1,4,2,2,2,0
33,3,4,2,3,3,0,1,4,2,3,3,4,3,4,2,3,3,4,3,4,2,3,3,4,3,4,2,3,3,4,4,4,4,4,4,4,4,4,4,4,4,4,4,4,3,4,4,4,4,4,4,4,4,4,1
113,0,2,2,1,0,0,0,0,0,2,1,1,1,0,0,0,0,0,0,0,0,0,0,0,1,0,0,0,0,0,1,3,0,0,0,0,2,1,0,2,0,0,0,0,0,0,0,3,1,1,1,0,3,0,0
1,4,4,4,4,4,0,0,4,4,4,4,3,4,0,4,4,4,4,3,2,1,1,0,2,2,1,2,0,1,1,0,4,2,3,0,2,3,4,2,4,2,2,3,4,2,2,2,3,4,4,4,4,2,2,1
85,0,0,0,0,0,0,0,0,0,0,0,0,0,0,0,0,0,0,0,0,0,0,0,0,0,0,0,0,0,0,0,0,0,0,0,0,0,0,0,0,0,1,1,1,2,3,1,0,0,1,1,0,0,0,0
117,0,0,0,0,0,1,0,1,1,0,0,0,1,1,0,0,0,0,0,0,1,1,1,0,1,0,0,0,0,1,1,1,1,1,0,0,1,0,0,0,0,0,0,0,0,0,0,2,1,2,2,3,3,2,0
119,0,1,1,0,0,2,0,0,0,0,0,2,1,0,0,0,0,0,0,0,0,0,0,0,1,0,0,0,0,1,0,2,0,0,0,0,0,0,0,0,0,2,2,2,2,2,2,2,0,2,1,1,1,0,0
124,0,1,1,0,0,0,0,0,0,0,0,1,3,0,0,0,0,0,0,0,0,0,0,1,1,0,0,0,0,0,0,0,0,0,0,0,0,0,1,0,0,2,4,0,2,4,0,3,0,1,2,2,2,0,0
99,0,1,2,1,0,0,0,0,0,0,0,1,1,0,0,0,1,0,1,0,0,0,0,0,0,0,0,0,0,0,0,0,0,0,0,0,0,0,1,0,0,2,2,0,1,0,1,2,0,0,0,3,2,1,0
144,0,0,2,4,0,0,0,0,0,2,0,0,0,0,0,0,0,0,2,0,0,0,0,0,0,0,0,0,0,0,0,2,0,1,0,0,0,2,0,0,2,2,3,0,3,2,0,2,4,0,0,1,0,0,0
80,2,0,2,4,2,2,4,3,4,3,2,3,3,0,4,4,3,3,3,2,2,1,2,0,0,0,0,0,2,2,3,3,3,3,3,3,3,3,1,3,2,3,3,4,4,2,3,2,2,3,3,4,2,2,1
160,2,0,2,0,0,0,0,0,0,2,0,0,2,0,0,1,1,0,0,0,1,1,0,0,0,0,0,0,0,0,1,1,0,1,1,1,1,0,1,1,0,2,1,0,0,3,2,2,1,1,1,1,2,1,0
144,0,0,2,4,0,0,0,0,0,2,0,0,0,0,0,0,0,0,2,0,0,0,0,0,0,0,0,0,0,0,0,2,0,1,0,0,0,2,0,0,2,2,3,0,3,2,0,2,4,0,0,1,0,0,0
18,3,3,4,4,3,1,1,3,4,4,3,3,3,3,4,4,3,3,3,3,4,4,3,3,3,3,4,4,3,3,4,4,4,4,4,4,4,4,4,4,4,4,4,4,4,4,4,4,4,4,4,4,4,4,1
75,4,4,3,3,4,0,4,2,4,4,3,4,4,4,4,4,4,4,4,4,0,0,2,4,4,4,4,1,1,0,4,2,0,0,0,0,3,0,4,4,4,4,4,4,4,2,4,4,3,4,4,1,1,0,1
96,0,3,1,0,0,0,0,0,0,0,0,1,1,2,0,0,0,0,0,0,0,0,0,0,0,0,0,0,0,1,1,1,0,1,0,0,0,0,0,0,1,0,1,0,1,1,1,4,0,0,2,0,0,0,0
141,0,1,2,0,0,0,0,0,0,1,1,1,2,1,1,1,0,0,1,0,1,0,0,0,0,0,0,0,0,0,1,1,0,1,0,0,1,1,1,1,1,1,1,0,1,1,0,2,1,1,1,1,1,1,0
165,0,0,0,0,0,0,0,0,0,0,0,0,0,0,0,0,0,0,0,0,0,0,0,0,0,0,0,0,0,0,4,4,3,4,0,0,4,0,1,0,1,0,0,0,0,1,0,4,1,1,4,2,2,2,0
158,0,1,0,1,0,0,0,0,0,1,1,2,2,0,0,0,0,0,0,0,0,0,0,0,0,1,1,1,0,0,2,1,0,0,0,0,1,1,2,1,0,2,2,2,1,0,1,3,2,2,2,1,0,0,0
48,4,2,3,2,4,2,0,2,3,2,4,2,4,2,3,2,4,2,4,2,3,2,4,2,4,2,3,2,4,2,4,4,4,4,4,4,4,4,4,4,4,4,4,4,4,4,4,4,4,4,4,4,4,4,1
33,3,4,2,3,3,0,1,4,2,3,3,4,3,4,2,3,3,4,3,4,2,3,3,4,3,4,2,3,3,4,4,4,4,4,4,4,4,4,4,4,4,4,4,4,3,4,4,4,4,4,4,4,4,4,1
52,4,3,2,3,4,1,0,3,2,3,4,3,4,3,2,3,4,3,4,3,2,3,4,3,4,3,2,3,4,3,4,3,4,3,4,3,4,3,4,3,4,3,4,3,4,3,4,3,4,4,3,4,3,4,1
2,2,2,2,2,1,3,2,1,1,2,3,4,2,3,3,3,3,3,3,2,1,0,1,2,2,2,2,2,3,2,3,3,1,1,1,1,2,1,3,3,3,3,2,3,2,3,2,3,1,1,1,2,2,2,1
156,0,0,1,1,0,0,0,0,0,2,1,2,1,1,1,0,0,0,0,0,0,0,0,0,1,0,0,0,0,1,2,1,0,2,0,0,1,1,1,1,0,2,2,0,0,2,1,2,1,2,2,1,0,0,0
36,4,3,3,3,4,1,0,3,3,3,4,3,4,3,3,3,4,3,4,3,3,3,4,3,4,3,3,3,4,3,4,3,4,3,4,3,4,4,3,4,4,4,4,3,4,4,3,4,4,3,3,4,4,3,1
90,0,1,0,0,0,0,0,1,0,0,0,0,0,1,0,0,0,0,0,0,0,0,0,0,1,1,1,0,0,0,0,0,0,0,0,0,0,0,0,0,0,0,3,1,0,3,0,1,0,0,0,2,0,0,0
59,3,2,3,2,3,2,1,2,3,2,3,2,3,2,3,2,3,2,3,2,3,2,3,2,3,2,3,2,3,2,4,4,4,4,4,4,4,4,4,4,4,4,4,4,4,4,4,4,4,4,4,4,4,4,1
91,0,0,0,0,0,0,0,0,0,0,0,0,0,0,0,0,0,0,0,0,0,0,0,0,0,0,0,0,0,0,1,1,0,0,0,0,0,0,0,0,0,0,2,0,0,2,0,2,3,2,2,1,1,0,0
21,4,3,3,3,4,1,0,3,3,3,4,3,4,3,3,3,4,3,4,3,3,3,4,3,4,3,3,3,4,3,4,4,4,4,4,4,4,4,4,4,4,4,4,4,4,4,4,4,4,4,4,4,4,4,1
113,0,2,2,1,0,0,0,0,0,2,1,1,1,0,0,0,0,0,0,0,0,0,0,0,1,0,0,0,0,0,1,3,0,0,0,0,2,1,0,2,0,0,0,0,0,0,0,3,1,1,1,0,3,0,0
56,3,4,3,4,3,0,1,4,3,4,3,4,3,4,3,4,3,4,3,4,3,4,3,4,3,4,3,4,3,4,3,3,3,3,3,3,3,3,3,3,3,3,3,3,3,3,3,3,3,3,3,3,3,3,1
104,0,0,0,0,0,1,0,0,0,0,1,1,1,0,0,0,0,0,1,0,1,0,0,0,0,0,0,0,0,0,0,0,0,0,0,0,0,0,0,0,0,0,3,0,3,4,3,0,2,2,2,0,0,0,0
39,4,3,3,3,4,1,0,3,3,3,4,3,4,3,3,3,4,3,4,3,3,3,4,3,4,3,3,3,4,3,4,3,4,3,4,3,4,3,4,3,4,3,4,3,4,3,4,3,4,4,3,4,3,4,1
29,4,3,3,2,4,1,0,3,3,2,4,3,4,3,3,2,4,3,4,3,3,2,4,3,4,3,3,2,4,3,4,4,4,4,4,4,4,4,4,4,4,4,4,4,4,4,4,4,4,4,4,4,4,4,1
160,2,0,2,0,0,0,0,0,0,2,0,0,2,0,0,1,1,0,0,0,1,1,0,0,0,0,0,0,0,0,1,1,0,1,1,1,1,0,1,1,0,2,1,0,0,3,2,2,1,1,1,1,2,1,0
9,1,1,1,1,1,2,0,2,2,2,3,0,0,2,1,0,1,2,1,0,0,0,0,1,1,1,1,1,1,1,1,1,0,1,0,0,1,1,2,2,1,2,3,2,2,2,0,2,2,2,2,4,3,3,1
33,3,4,2,3,3,0,1,4,2,3,3,4,3,4,2,3,3,4,3,4,2,3,3,4,3,4,2,3,3,4,4,4,4,4,4,4,4,4,4,4,4,4,4,4,3,4,4,4,4,4,4,4,4,4,1
55,4,3,2,3,4,1,0,3,2,3,4,3,4,3,2,3,4,3,4,3,2,3,4,3,4,3,2,3,4,3,3,4,3,4,3,4,3,4,3,4,3,4,3,4,3,4,3,4,3,3,4,3,4,3,1
11,4,4,4,3,4,0,0,4,4,3,4,4,4,4,4,3,4,4,4,4,4,3,4,4,4,4,4,3,4,4,4,4,4,4,4,4,4,4,4,4,4,4,4,4,4,4,4,4,4,4,4,4,4,4,1
138,0,0,1,0,0,0,0,1,1,0,0,0,0,1,0,0,0,0,0,0,0,0,0,0,0,0,0,0,0,0,1,0,0,1,0,0,0,0,0,0,0,2,2,0,3,3,3,3,0,1,3,3,3,1,0
112,0,0,0,0,1,0,0,0,0,0,0,0,1,0,1,0,0,0,0,0,0,0,0,0,1,1,0,0,1,0,0,0,0,0,0,0,0,0,0,0,0,2,3,1,3,3,3,2,1,1,1,1,1,1,0
76,3,2,4,3,3,2,3,2,2,3,4,3,2,3,1,3,3,3,3,4,2,1,0,2,2,2,2,2,2,3,3,3,3,3,3,3,4,4,4,4,4,3,0,0,0,0,0,3,3,3,3,3,3,3,1
68,3,3,3,2,3,1,1,3,3,2,3,3,3,3,3,2,3,3,3,3,3,2,3,3,3,3,3,2,3,3,4,3,4,3,4,3,4,3,4,3,4,3,4,3,3,3,4,3,4,4,3,4,3,4,1
44,4,2,3,2,4,2,0,2,3,2,4,2,4,2,3,2,4,2,4,2,3,2,4,2,4,2,3,2,4,2,4,4,4,4,4,4,4,4,4,4,4,4,4,4,4,4,4,4,4,4,4,4,4,4,1
44,4,2,3,2,4,2,0,2,3,2,4,2,4,2,3,2,4,2,4,2,3,2,4,2,4,2,3,2,4,2,4,4,4,4,4,4,4,4,4,4,4,4,4,4,4,4,4,4,4,4,4,4,4,4,1
19,4,4,4,3,4,0,0,4,4,3,4,4,4,4,4,3,4,4,4,4,4,3,4,4,4,4,4,3,4,4,4,3,4,3,4,3,4,3,4,3,4,3,4,3,4,3,4,3,4,4,3,4,3,4,1
144,0,0,2,4,0,0,0,0,0,2,0,0,0,0,0,0,0,0,2,0,0,0,0,0,0,0,0,0,0,0,0,2,0,1,0,0,0,2,0,0,2,2,3,0,3,2,0,2,4,0,0,1,0,0,0
120,0,0,0,0,0,2,0,0,0,1,0,0,0,0,1,0,1,0,1,0,0,0,0,0,0,0,0,0,0,1,0,1,0,1,0,0,1,1,1,0,0,4,2,0,1,2,1,3,1,1,1,1,1,0,0
167,1,1,0,0,0,0,0,0,0,1,0,1,1,0,0,1,0,0,0,1,0,0,0,0,1,1,1,0,0,1,1,1,0,1,0,0,1,1,1,2,1,3,3,0,2,3,0,2,0,1,1,3,0,0,0
35,3,3,3,3,3,1,1,3,3,3,3,3,3,3,3,3,3,3,3,3,3,3,3,3,3,3,3,3,3,3,4,4,4,4,4,4,4,4,4,4,4,4,4,4,4,4,4,4,4,4,4,4,4,4,1
52,4,3,2,3,4,1,0,3,2,3,4,3,4,3,2,3,4,3,4,3,2,3,4,3,4,3,2,3,4,3,4,3,4,3,4,3,4,3,4,3,4,3,4,3,4,3,4,3,4,4,3,4,3,4,1
1,4,4,4,4,4,0,0,4,4,4,4,3,4,0,4,4,4,4,3,2,1,1,0,2,2,1,2,0,1,1,0,4,2,3,0,2,3,4,2,4,2,2,3,4,2,2,2,3,4,4,4,4,2,2,1
18,3,3,4,4,3,1,1,3,4,4,3,3,3,3,4,4,3,3,3,3,4,4,3,3,3,3,4,4,3,3,4,4,4,4,4,4,4,4,4,4,4,4,4,4,4,4,4,4,4,4,4,4,4,4,1
2,2,2,2,2,1,3,2,1,1,2,3,4,2,3,3,3,3,3,3,2,1,0,1,2,2,2,2,2,3,2,3,3,1,1,1,1,2,1,3,3,3,3,2,3,2,3,2,3,1,1,1,2,2,2,1
148,0,0,0,0,0,0,0,0,0,2,0,1,1,0,0,0,0,0,0,0,1,0,0,1,1,0,0,0,1,0,2,0,0,1,0,0,1,0,2,0,1,3,2,0,1,3,3,2,2,1,1,2,0,0,0
62,3,2,3,2,3,2,1,2,3,2,3,2,3,2,3,2,3,2,3,2,3,2,3,2,3,2,3,2,3,2,4,4,4,4,4,4,4,4,4,4,4,4,4,4,4,4,4,4,4,4,4,4,4,4,1
22,3,4,4,4,3,0,1,4,4,4,3,4,3,4,4,4,3,4,3,4,4,4,3,4,3,4,4,4,3,4,4,3,4,3,4,3,4,3,4,3,4,3,4,3,3,3,4,3,4,4,3,4,3,4,1
135,0,0,0,0,0,0,0,0,0,0,0,0,0,0,0,0,0,0,0,0,0,0,0,0,0,0,0,0,0,0,2,1,1,1,0,0,0,1,1,0,0,3,2,1,2,2,1,2,3,2,2,3,1,1,0
32,4,3,3,4,4,1,0,3,3,4,4,3,4,3,3,4,4,3,4,3,3,4,4,3,4,3,3,4,4,3,4,3,4,3,4,3,4,3,4,3,4,3,4,3,4,3,4,3,4,4,3,4,3,4,1
92,1,1,0,0,0,0,0,0,0,1,0,0,1,0,0,0,0,0,0,0,1,0,0,0,1,0,1,1,1,1,0,0,0,0,0,0,0,0,0,0,0,1,2,0,2,1,0,0,1,1,1,1,1,1,0
60,3,2,3,2,3,2,1,2,3,2,3,2,3,2,3,2,3,2,3,2,3,2,3,2,3,2,3,2,3,2,4,4,4,4,4,4,4,4,4,4,4,4,4,4,4,4,4,4,4,4,4,4,4,4,1
144,0,0,2,4,0,0,0,0,0,2,0,0,0,0,0,0,0,0,2,0,0,0,0,0,0,0,0,0,0,0,0,2,0,1,0,0,0,2,0,0,2,2,3,0,3,2,0,2,4,0,0,1,0,0,0
27,3,3,3,4,3,1,1,3,3,4,3,3,3,3,3,4,3,3,3,3,3,4,3,3,3,3,3,4,3,3,4,4,4,4,4,4,4,4,4,4,4,4,4,4,3,4,4,4,4,4,4,4,4,4,1
53,3,3,3,4,3,1,1,3,3,4,3,3,3,3,3,4,3,3,3,3,3,4,3,3,3,3,3,4,3,3,3,4,3,4,3,4,3,4,3,4,3,4,3,4,3,4,3,4,3,3,4,3,4,3,1
107,0,0,0,0,0,0,0,0,0,0,0,0,2,0,0,0,0,0,0,0,0,0,0,0,0,0,0,0,0,0,2,0,0,0,0,0,4,0,0,0,0,0,0,0,0,3,0,2,2,2,2,4,4,0,0
8,2,2,1,0,0,4,1,3,3,3,3,3,3,3,3,3,3,3,3,3,2,2,2,3,2,3,2,3,2,3,1,1,1,1,1,1,1,2,2,2,2,2,2,2,2,1,1,1,1,1,1,1,1,1,1
20,4,3,3,3,4,1,0,3,3,3,4,3,4,3,3,3,4,3,4,3,3,3,4,3,4,3,3,3,4,3,4,4,4,4,4,4,4,4,4,4,4,4,4,4,4,4,4,4,4,4,4,4,4,4,1
8,2,2,1,0,0,4,1,3,3,3,3,3,3,3,3,3,3,3,3,3,2,2,2,3,2,3,2,3,2,3,1,1,1,1,1,1,1,2,2,2,2,2,2,2,2,1,1,1,1,1,1,1,1,1,1
152,1,0,0,0,0,1,0,0,0,1,1,0,1,1,1,1,0,1,0,0,0,0,0,1,1,0,0,0,0,1,1,0,0,0,0,0,0,0,0,0,0,2,4,1,0,2,1,2,1,2,2,4,2,0,0
76,3,2,4,3,3,2,3,2,2,3,4,3,2,3,1,3,3,3,3,4,2,1,0,2,2,2,2,2,2,3,3,3,3,3,3,3,4,4,4,4,4,3,0,0,0,0,0,3,3,3,3,3,3,3,1
19,4,4,4,3,4,0,0,4,4,3,4,4,4,4,4,3,4,4,4,4,4,3,4,4,4,4,4,3,4,4,4,3,4,3,4,3,4,3,4,3,4,3,4,3,4,3,4,3,4,4,3,4,3,4,1
100,0,0,2,0,0,0,0,0,0,0,0,0,0,0,0,0,0,0,0,0,0,0,0,0,0,0,0,0,0,0,2,1,0,1,0,0,1,0,0,0,0,0,2,0,2,2,1,2,0,0,0,4,4,0,0
137,0,0,1,0,0,0,0,1,1,0,0,0,0,1,0,0,0,0,0,0,0,0,0,0,0,0,0,0,0,0,1,0,0,1,0,0,0,0,0,0,0,2,2,0,3,3,3,3,0,1,3,3,3,1,0
26,3,3,4,3,3,1,1,3,4,3,3,3,3,3,4,3,3,3,3,3,4,3,3,3,3,3,4,3,3,3,4,4,4,4,4,4,4,4,4,4,4,4,4,4,3,4,4,4,4,4,4,4,4,4,1
60,3,2,3,2,3,2,1,2,3,2,3,2,3,2,3,2,3,2,3,2,3,2,3,2,3,2,3,2,3,2,4,4,4,4,4,4,4,4,4,4,4,4,4,4,4,4,4,4,4,4,4,4,4,4,1
133,1,2,0,0,0,0,0,0,0,0,0,0,0,1,0,0,0,0,1,0,0,1,1,1,1,1,0,0,0,0,2,1,0,1,0,0,1,0,0,0,1,0,2,0,0,2,1,2,2,2,2,2,1,0,0
95,0,0,0,0,0,0,0,0,0,1,0,0,0,0,0,0,0,0,0,0,0,0,0,1,1,0,0,0,0,0,0,0,0,0,0,0,0,0,0,0,0,0,1,0,3,2,0,2,2,2,2,2,2,2,0
106,0,0,0,0,0,0,0,0,0,0,0,0,0,0,0,0,0,0,0,0,0,0,0,0,0,0,0,0,0,0,0,1,0,0,0,0,0,0,0,0,0,0,4,0,4,3,1,3,1,3,3,3,1,0,0
81,4,4,3,3,2,0,2,4,4,3,4,3,4,3,4,4,4,3,3,3,2,3,3,3,3,3,1,3,3,2,3,3,3,4,4,4,4,4,4,4,4,2,2,3,2,2,2,2,2,3,3,3,3,4,1
9,1,1,1,1,1,2,0,2,2,2,3,0,0,2,1,0,1,2,1,0,0,0,0,1,1,1,1,1,1,1,1,1,0,1,0,0,1,1,2,2,1,2,3,2,2,2,0,2,2,2,2,4,3,3,1
32,4,3,3,4,4,1,0,3,3,4,4,3,4,3,3,4,4,3,4,3,3,4,4,3,4,3,3,4,4,3,4,3,4,3,4,3,4,3,4,3,4,3,4,3,4,3,4,3,4,4,3,4,3,4,1
141,0,1,2,0,0,0,0,0,0,1,1,1,2,1,1,1,0,0,1,0,1,0,0,0,0,0,0,0,0,0,1,1,0,1,0,0,1,1,1,1,1,1,1,0,1,1,0,2,1,1,1,1,1,1,0
44,4,2,3,2,4,2,0,2,3,2,4,2,4,2,3,2,4,2,4,2,3,2,4,2,4,2,3,2,4,2,4,4,4,4,4,4,4,4,4,4,4,4,4,4,4,4,4,4,4,4,4,4,4,4,1
71,2,2,3,2,2,2,2,2,3,2,2,2,2,2,3,2,2,2,2,2,3,2,2,2,2,2,3,2,2,2,4,4,4,4,4,4,4,4,4,4,4,3,4,4,4,4,4,4,4,4,4,4,4,4,1
92,1,1,0,0,0,0,0,0,0,1,0,0,1,0,0,0,0,0,0,0,1,0,0,0,1,0,1,1,1,1,0,0,0,0,0,0,0,0,0,0,0,1,2,0,2,1,0,0,1,1,1,1,1,1,0
36,4,3,3,3,4,1,0,3,3,3,4,3,4,3,3,3,4,3,4,3,3,3,4,3,4,3,3,3,4,3,4,3,4,3,4,3,4,4,3,4,4,4,4,3,4,4,3,4,4,3,3,4,4,3,1
125,0,0,0,0,0,0,0,0,0,0,0,0,0,0,0,0,0,0,0,0,0,0,0,0,0,0,0,0,0,0,1,1,1,1,1,0,1,1,2,1,2,2,4,2,4,0,0,0,1,1,2,1,0,2,0
